ISO-10303-21;
HEADER;
FILE_DESCRIPTION (( 'STEP AP214' ),
    '1' );
FILE_NAME ('T543C227M2R5AHE025.STEP',
    '2021-08-02T09:35:07',
    ( '' ),
    ( '' ),
    'SwSTEP 2.0',
    'SolidWorks 2020',
    '' );
FILE_SCHEMA (( 'AUTOMOTIVE_DESIGN' ));
ENDSEC;

DATA;
#1 = LINE ( 'NONE', #378, #614 ) ;
#2 = ORIENTED_EDGE ( 'NONE', *, *, #1273, .F. ) ;
#3 = VECTOR ( 'NONE', #1651, 1000.000000000000000 ) ;
#4 = AXIS2_PLACEMENT_3D ( 'NONE', #2442, #653, #2455 ) ;
#5 = CARTESIAN_POINT ( 'NONE',  ( 2.999999999999999556, 1.350000000000000533, 3.084943324127921382 ) ) ;
#6 = DIRECTION ( 'NONE',  ( 1.000000000000000000, 0.000000000000000000, -0.000000000000000000 ) ) ;
#7 = CARTESIAN_POINT ( 'NONE',  ( -1.400000000000000133, 0.000000000000000000, 1.199999999999999734 ) ) ;
#8 = ORIENTED_EDGE ( 'NONE', *, *, #1170, .F. ) ;
#9 = CARTESIAN_POINT ( 'NONE',  ( -1.700000000000000178, 0.000000000000000000, 3.084943324127921382 ) ) ;
#10 = FACE_OUTER_BOUND ( 'NONE', #1095, .T. ) ;
#11 = VERTEX_POINT ( 'NONE', #838 ) ;
#12 = DIRECTION ( 'NONE',  ( 0.000000000000000000, -0.000000000000000000, 1.000000000000000000 ) ) ;
#13 = DIRECTION ( 'NONE',  ( -0.000000000000000000, -1.000000000000000000, -0.000000000000000000 ) ) ;
#14 = EDGE_CURVE ( 'NONE', #163, #1412, #2037, .T. ) ;
#15 = DIRECTION ( 'NONE',  ( 0.000000000000000000, 1.000000000000000000, 0.000000000000000000 ) ) ;
#16 = CARTESIAN_POINT ( 'NONE',  ( 2.850000000000000089, 1.499999999999999778, -1.599999999999999645 ) ) ;
#17 = ORIENTED_EDGE ( 'NONE', *, *, #760, .T. ) ;
#18 = DIRECTION ( 'NONE',  ( -1.000000000000000000, -1.885568995626964287E-16, 0.000000000000000000 ) ) ;
#19 = EDGE_LOOP ( 'NONE', ( #263, #721, #2126, #307 ) ) ;
#20 = CARTESIAN_POINT ( 'NONE',  ( -2.850000000000000089, 1.370000000000000551, -1.100000000000000089 ) ) ;
#21 = ORIENTED_EDGE ( 'NONE', *, *, #625, .T. ) ;
#22 = VERTEX_POINT ( 'NONE', #2443 ) ;
#23 = CARTESIAN_POINT ( 'NONE',  ( 3.000000000000000000, 0.1499999999999997446, 1.100000000000000311 ) ) ;
#24 = FACE_OUTER_BOUND ( 'NONE', #2167, .T. ) ;
#25 = DIRECTION ( 'NONE',  ( -0.000000000000000000, -0.000000000000000000, -1.000000000000000000 ) ) ;
#26 = ORIENTED_EDGE ( 'NONE', *, *, #1105, .F. ) ;
#27 = CARTESIAN_POINT ( 'NONE',  ( -2.550000000000000266, 1.370000000000000551, -1.100000000000000089 ) ) ;
#28 = CARTESIAN_POINT ( 'NONE',  ( -2.850000000000000089, 1.370000000000000551, -1.100000000000000089 ) ) ;
#29 = VERTEX_POINT ( 'NONE', #1662 ) ;
#30 = FACE_OUTER_BOUND ( 'NONE', #1300, .T. ) ;
#31 = VERTEX_POINT ( 'NONE', #630 ) ;
#32 = CARTESIAN_POINT ( 'NONE',  ( -2.850000000000000089, 1.350000000000000533, 1.100000000000000311 ) ) ;
#33 = EDGE_CURVE ( 'NONE', #56, #2554, #92, .T. ) ;
#34 = AXIS2_PLACEMENT_3D ( 'NONE', #534, #1966, #745 ) ;
#35 = ORIENTED_EDGE ( 'NONE', *, *, #2029, .F. ) ;
#36 = LINE ( 'NONE', #830, #452 ) ;
#37 = SURFACE_SIDE_STYLE ('',( #1808 ) ) ;
#38 = VECTOR ( 'NONE', #25, 1000.000000000000000 ) ;
#39 = CARTESIAN_POINT ( 'NONE',  ( -2.807028512808218412, 1.008833653870493618, -1.557028512808217746 ) ) ;
#40 = FACE_OUTER_BOUND ( 'NONE', #2316, .T. ) ;
#41 = AXIS2_PLACEMENT_3D ( 'NONE', #563, #1788, #381 ) ;
#42 = ORIENTED_EDGE ( 'NONE', *, *, #1556, .T. ) ;
#43 = AXIS2_PLACEMENT_3D ( 'NONE', #559, #2181, #802 ) ;
#44 = SURFACE_SIDE_STYLE ('',( #1815 ) ) ;
#45 = EDGE_LOOP ( 'NONE', ( #2533, #1208, #61, #2220, #1916, #1233 ) ) ;
#46 = EDGE_CURVE ( 'NONE', #63, #1766, #454, .T. ) ;
#47 = AXIS2_PLACEMENT_3D ( 'NONE', #1457, #856, #1263 ) ;
#48 = CARTESIAN_POINT ( 'NONE',  ( 2.850000000000000089, -2.168404344971008868E-16, 3.084943324127921382 ) ) ;
#49 = EDGE_CURVE ( 'NONE', #482, #1748, #1434, .T. ) ;
#50 = ORIENTED_EDGE ( 'NONE', *, *, #1556, .F. ) ;
#51 = CARTESIAN_POINT ( 'NONE',  ( -2.550000000000000266, 1.370000000000000551, 3.084943324127921382 ) ) ;
#52 = VERTEX_POINT ( 'NONE', #475 ) ;
#53 = ORIENTED_EDGE ( 'NONE', *, *, #438, .F. ) ;
#54 = CARTESIAN_POINT ( 'NONE',  ( -2.870000000000000107, 0.1499999999999997446, 3.084943324127921382 ) ) ;
#55 = VERTEX_POINT ( 'NONE', #274 ) ;
#56 = VERTEX_POINT ( 'NONE', #1422 ) ;
#57 = DIRECTION ( 'NONE',  ( 0.000000000000000000, -1.000000000000000000, 0.000000000000000000 ) ) ;
#58 = DIRECTION ( 'NONE',  ( 1.000000000000000000, 0.000000000000000000, -8.613419869192900503E-16 ) ) ;
#59 = ORIENTED_EDGE ( 'NONE', *, *, #1480, .F. ) ;
#60 = EDGE_CURVE ( 'NONE', #11, #1748, #1827, .T. ) ;
#61 = ORIENTED_EDGE ( 'NONE', *, *, #1975, .T. ) ;
#62 = CARTESIAN_POINT ( 'NONE',  ( -2.110391136808100754, 2.700000000000000178, -0.005421480722350177292 ) ) ;
#63 = VERTEX_POINT ( 'NONE', #1847 ) ;
#64 = ORIENTED_EDGE ( 'NONE', *, *, #2523, .T. ) ;
#65 = EDGE_CURVE ( 'NONE', #1732, #1759, #2194, .T. ) ;
#66 = CARTESIAN_POINT ( 'NONE',  ( -2.850000000000000089, 1.500000000000000000, 3.084943324127921382 ) ) ;
#67 = ORIENTED_EDGE ( 'NONE', *, *, #223, .T. ) ;
#68 = ORIENTED_EDGE ( 'NONE', *, *, #1153, .T. ) ;
#69 = CARTESIAN_POINT ( 'NONE',  ( -1.984517536199902565, 2.799999999999999822, 1.436264737416298232 ) ) ;
#70 = DIRECTION ( 'NONE',  ( 1.000000000000000000, -0.000000000000000000, -0.000000000000000000 ) ) ;
#71 = ORIENTED_EDGE ( 'NONE', *, *, #1189, .F. ) ;
#72 = ORIENTED_EDGE ( 'NONE', *, *, #757, .T. ) ;
#73 = EDGE_CURVE ( 'NONE', #1618, #824, #1228, .T. ) ;
#74 = VECTOR ( 'NONE', #871, 1000.000000000000000 ) ;
#75 = CIRCLE ( 'NONE', #1890, 0.02000000000000005246 ) ;
#76 = LINE ( 'NONE', #1433, #2186 ) ;
#77 = EDGE_CURVE ( 'NONE', #1939, #226, #1264, .T. ) ;
#78 = CARTESIAN_POINT ( 'NONE',  ( 1.400000000000000133, 0.000000000000000000, -1.200000000000000622 ) ) ;
#79 = CIRCLE ( 'NONE', #1853, 0.1499999999999999667 ) ;
#80 = VERTEX_POINT ( 'NONE', #1811 ) ;
#81 = DIRECTION ( 'NONE',  ( -0.000000000000000000, -0.000000000000000000, -1.000000000000000000 ) ) ;
#82 = AXIS2_PLACEMENT_3D ( 'NONE', #1706, #2508, #1516 ) ;
#83 = AXIS2_PLACEMENT_3D ( 'NONE', #2396, #1949, #18 ) ;
#84 = EDGE_LOOP ( 'NONE', ( #1470, #68, #1099, #285 ) ) ;
#85 = CARTESIAN_POINT ( 'NONE',  ( -2.850000000000000089, 1.350000000000000533, 0.4999999999999995559 ) ) ;
#86 = LINE ( 'NONE', #2423, #1366 ) ;
#87 = CARTESIAN_POINT ( 'NONE',  ( -1.984517536199903009, 2.799999999999999822, -0.1500000000000001610 ) ) ;
#88 = ORIENTED_EDGE ( 'NONE', *, *, #2560, .F. ) ;
#89 = VERTEX_POINT ( 'NONE', #2240 ) ;
#90 = AXIS2_PLACEMENT_3D ( 'NONE', #62, #436, #1235 ) ;
#91 = DIRECTION ( 'NONE',  ( 0.7071067811865475727, -0.7071067811865475727, 0.000000000000000000 ) ) ;
#92 = LINE ( 'NONE', #1648, #74 ) ;
#93 = ORIENTED_EDGE ( 'NONE', *, *, #2354, .F. ) ;
#94 = UNCERTAINTY_MEASURE_WITH_UNIT (LENGTH_MEASURE( 1.000000000000000082E-05 ), #2498, 'distance_accuracy_value', 'NONE');
#95 = CARTESIAN_POINT ( 'NONE',  ( -1.984517536199902565, 2.799999999999999822, 1.436264737416298232 ) ) ;
#96 = ORIENTED_EDGE ( 'NONE', *, *, #1341, .T. ) ;
#97 = CARTESIAN_POINT ( 'NONE',  ( -1.984517536199903009, 2.700000000000000178, -1.436264737416298676 ) ) ;
#98 = DIRECTION ( 'NONE',  ( -1.000000000000000000, 0.000000000000000000, 0.000000000000000000 ) ) ;
#99 = ORIENTED_EDGE ( 'NONE', *, *, #1606, .T. ) ;
#100 = EDGE_CURVE ( 'NONE', #1664, #954, #1445, .T. ) ;
#101 = PRODUCT_RELATED_PRODUCT_CATEGORY ( 'part', '', ( #812 ) ) ;
#102 = LINE ( 'NONE', #2465, #1459 ) ;
#103 = ORIENTED_EDGE ( 'NONE', *, *, #2213, .F. ) ;
#104 = DIRECTION ( 'NONE',  ( 0.000000000000000000, 0.08715574274765820750, 0.9961946980917455452 ) ) ;
#105 = ORIENTED_EDGE ( 'NONE', *, *, #2545, .F. ) ;
#106 = DIRECTION ( 'NONE',  ( 1.000000000000000000, 0.000000000000000000, 0.000000000000000000 ) ) ;
#107 = CARTESIAN_POINT ( 'NONE',  ( -2.110391136808100754, 2.700000000000000178, 0.1945785192776498251 ) ) ;
#108 = FACE_OUTER_BOUND ( 'NONE', #1259, .T. ) ;
#109 = ORIENTED_EDGE ( 'NONE', *, *, #882, .T. ) ;
#110 = CARTESIAN_POINT ( 'NONE',  ( -2.870000000000000107, 1.350000000000000533, 3.084943324127921382 ) ) ;
#111 = ORIENTED_EDGE ( 'NONE', *, *, #49, .T. ) ;
#112 = VECTOR ( 'NONE', #687, 1000.000000000000000 ) ;
#113 = DIRECTION ( 'NONE',  ( -3.371629932616596930E-16, 0.000000000000000000, -1.000000000000000000 ) ) ;
#114 = VECTOR ( 'NONE', #1056, 1000.000000000000000 ) ;
#115 = VECTOR ( 'NONE', #2385, 1000.000000000000000 ) ;
#116 = CARTESIAN_POINT ( 'NONE',  ( 2.850000000000000089, 1.370000000000000551, 3.084943324127921382 ) ) ;
#117 = ADVANCED_FACE ( 'NONE', ( #40 ), #2045, .T. ) ;
#118 = FACE_OUTER_BOUND ( 'NONE', #1699, .T. ) ;
#119 = VECTOR ( 'NONE', #2383, 1000.000000000000000 ) ;
#120 = ORIENTED_EDGE ( 'NONE', *, *, #1230, .F. ) ;
#121 =( GEOMETRIC_REPRESENTATION_CONTEXT ( 3 ) GLOBAL_UNCERTAINTY_ASSIGNED_CONTEXT ( ( #1495 ) ) GLOBAL_UNIT_ASSIGNED_CONTEXT ( ( #236, #2352, #194 ) ) REPRESENTATION_CONTEXT ( 'NONE', 'WORKASPACE' ) );
#122 = CARTESIAN_POINT ( 'NONE',  ( -2.999999999999999556, 1.350000000000000533, 3.084943324127921382 ) ) ;
#123 = CIRCLE ( 'NONE', #918, 0.1999999999999999833 ) ;
#124 = CARTESIAN_POINT ( 'NONE',  ( -2.550000000000000266, 1.370000000000000551, 1.100000000000000311 ) ) ;
#125 = FACE_OUTER_BOUND ( 'NONE', #497, .T. ) ;
#126 = ORIENTED_EDGE ( 'NONE', *, *, #2402, .F. ) ;
#127 = CARTESIAN_POINT ( 'NONE',  ( -1.700000000000000178, 0.1299999999999999212, -1.100000000000000089 ) ) ;
#128 = CARTESIAN_POINT ( 'NONE',  ( -2.850000000000000089, 1.350000000000000533, -0.5000000000000004441 ) ) ;
#129 = LINE ( 'NONE', #740, #725 ) ;
#130 = DIRECTION ( 'NONE',  ( 1.000000000000000000, -0.000000000000000000, -1.548860246407863336E-16 ) ) ;
#131 = ORIENTED_EDGE ( 'NONE', *, *, #680, .T. ) ;
#132 = CARTESIAN_POINT ( 'NONE',  ( 1.700000000000000178, 0.1299999999999999212, 1.100000000000000311 ) ) ;
#133 = CARTESIAN_POINT ( 'NONE',  ( 2.550000000000000266, 1.500000000000000444, -1.100000000000000089 ) ) ;
#134 = ORIENTED_EDGE ( 'NONE', *, *, #426, .T. ) ;
#135 = PLANE ( 'NONE',  #692 ) ;
#136 = DIRECTION ( 'NONE',  ( -0.000000000000000000, -0.000000000000000000, 1.000000000000000000 ) ) ;
#137 = DIRECTION ( 'NONE',  ( -1.000000000000000000, 0.000000000000000000, 0.000000000000000000 ) ) ;
#138 = CARTESIAN_POINT ( 'NONE',  ( -1.400000000000000133, 0.2000000000000000944, 1.199999999999999734 ) ) ;
#139 = ORIENTED_EDGE ( 'NONE', *, *, #2545, .T. ) ;
#140 = CARTESIAN_POINT ( 'NONE',  ( -1.984517536199903009, 2.799999999999999822, -1.436264737416298676 ) ) ;
#141 = LINE ( 'NONE', #187, #2507 ) ;
#142 = LINE ( 'NONE', #319, #619 ) ;
#143 = EDGE_CURVE ( 'NONE', #1678, #439, #2009, .T. ) ;
#144 = EDGE_CURVE ( 'NONE', #1983, #145, #536, .T. ) ;
#145 = VERTEX_POINT ( 'NONE', #1883 ) ;
#146 = ADVANCED_FACE ( 'NONE', ( #2096 ), #731, .F. ) ;
#147 = CARTESIAN_POINT ( 'NONE',  ( -1.984517536199903009, 2.700000000000000178, -1.436264737416298676 ) ) ;
#148 = AXIS2_PLACEMENT_3D ( 'NONE', #777, #935, #2540 ) ;
#149 = CARTESIAN_POINT ( 'NONE',  ( -1.984517536199902565, 2.700000000000000178, 1.436264737416298232 ) ) ;
#150 = DIRECTION ( 'NONE',  ( 0.000000000000000000, 1.000000000000000000, -0.000000000000000000 ) ) ;
#151 = CARTESIAN_POINT ( 'NONE',  ( -1.399999999999999689, 0.2000000000000000944, -1.200000000000000178 ) ) ;
#152 = AXIS2_PLACEMENT_3D ( 'NONE', #1090, #861, #2435 ) ;
#153 = VECTOR ( 'NONE', #1925, 1000.000000000000000 ) ;
#154 = ORIENTED_EDGE ( 'NONE', *, *, #1493, .T. ) ;
#155 = DIRECTION ( 'NONE',  ( 1.000000000000000000, 0.000000000000000000, -0.000000000000000000 ) ) ;
#156 = VECTOR ( 'NONE', #1709, 1000.000000000000000 ) ;
#157 = FACE_OUTER_BOUND ( 'NONE', #1974, .T. ) ;
#158 = DIRECTION ( 'NONE',  ( 0.08715574274765820750, 0.9961946980917455452, 0.000000000000000000 ) ) ;
#159 = DIRECTION ( 'NONE',  ( 0.000000000000000000, 0.000000000000000000, 1.000000000000000000 ) ) ;
#160 = VECTOR ( 'NONE', #411, 1000.000000000000000 ) ;
#161 = LINE ( 'NONE', #955, #2558 ) ;
#162 = PLANE ( 'NONE',  #2097 ) ;
#163 = VERTEX_POINT ( 'NONE', #1177 ) ;
#164 = ADVANCED_FACE ( 'NONE', ( #10 ), #343, .F. ) ;
#165 = UNCERTAINTY_MEASURE_WITH_UNIT (LENGTH_MEASURE( 1.000000000000000082E-05 ), #821, 'distance_accuracy_value', 'NONE');
#166 = EDGE_CURVE ( 'NONE', #1021, #2438, #1922, .T. ) ;
#167 = CYLINDRICAL_SURFACE ( 'NONE', #1654, 0.02000000000000005246 ) ;
#168 = CARTESIAN_POINT ( 'NONE',  ( 1.400000000000000133, 0.2000000000000000944, -1.200000000000000622 ) ) ;
#169 = ORIENTED_EDGE ( 'NONE', *, *, #1189, .T. ) ;
#170 = DIRECTION ( 'NONE',  ( 1.000000000000000000, 0.000000000000000000, -0.000000000000000000 ) ) ;
#171 = ORIENTED_EDGE ( 'NONE', *, *, #793, .T. ) ;
#172 = DIRECTION ( 'NONE',  ( -1.000000000000000000, 0.000000000000000000, 0.000000000000000000 ) ) ;
#173 = LINE ( 'NONE', #1564, #2297 ) ;
#174 = EDGE_CURVE ( 'NONE', #29, #2084, #2329, .T. ) ;
#175 = PLANE ( 'NONE',  #1663 ) ;
#176 = DIRECTION ( 'NONE',  ( 0.000000000000000000, 0.000000000000000000, 1.000000000000000000 ) ) ;
#177 = DIRECTION ( 'NONE',  ( 1.000000000000000000, 0.000000000000000000, -8.613419869192900503E-16 ) ) ;
#178 = EDGE_LOOP ( 'NONE', ( #316, #120, #1011, #211 ) ) ;
#179 = DIRECTION ( 'NONE',  ( 0.000000000000000000, 0.000000000000000000, -1.000000000000000000 ) ) ;
#180 = LINE ( 'NONE', #971, #1490 ) ;
#181 = SURFACE_STYLE_USAGE ( .BOTH. , #1575 ) ;
#182 = EDGE_CURVE ( 'NONE', #145, #904, #1538, .T. ) ;
#183 = EDGE_LOOP ( 'NONE', ( #2361, #1074, #885, #1223 ) ) ;
#184 = DIRECTION ( 'NONE',  ( -0.000000000000000000, -0.000000000000000000, -1.000000000000000000 ) ) ;
#185 = CARTESIAN_POINT ( 'NONE',  ( -2.870000000000000107, 0.1499999999999997446, -1.100000000000000089 ) ) ;
#186 = ORIENTED_EDGE ( 'NONE', *, *, #1708, .T. ) ;
#187 = CARTESIAN_POINT ( 'NONE',  ( -2.850000000000000089, 0.1299999999999997546, 3.084943324127921382 ) ) ;
#188 = CARTESIAN_POINT ( 'NONE',  ( -2.110391136808100754, 2.799999999999999822, 0.005421480722350002952 ) ) ;
#189 = ORIENTED_EDGE ( 'NONE', *, *, #2160, .T. ) ;
#190 = LINE ( 'NONE', #1754, #2091 ) ;
#191 = DIRECTION ( 'NONE',  ( 0.000000000000000000, 0.9961946980917455452, -0.08715574274765820750 ) ) ;
#192 = ORIENTED_EDGE ( 'NONE', *, *, #2367, .F. ) ;
#193 = CARTESIAN_POINT ( 'NONE',  ( -2.236264737416298942, 2.799999999999999822, -0.1500000000000000500 ) ) ;
#194 =( NAMED_UNIT ( * ) SI_UNIT ( $, .STERADIAN. ) SOLID_ANGLE_UNIT ( ) );
#195 = ORIENTED_EDGE ( 'NONE', *, *, #1344, .F. ) ;
#196 = CARTESIAN_POINT ( 'NONE',  ( 2.550000000000000266, 1.370000000000000551, -1.100000000000000089 ) ) ;
#197 = LINE ( 'NONE', #396, #649 ) ;
#198 = AXIS2_PLACEMENT_3D ( 'NONE', #504, #924, #313 ) ;
#199 = ORIENTED_EDGE ( 'NONE', *, *, #1874, .F. ) ;
#200 = DIRECTION ( 'NONE',  ( -0.000000000000000000, 1.000000000000000000, -0.000000000000000000 ) ) ;
#201 = PRESENTATION_LAYER_ASSIGNMENT (  '', '', ( #1818 ) ) ;
#202 = DIRECTION ( 'NONE',  ( 1.000000000000000000, 0.000000000000000000, 0.000000000000000000 ) ) ;
#203 = VECTOR ( 'NONE', #1533, 1000.000000000000000 ) ;
#204 = VERTEX_POINT ( 'NONE', #796 ) ;
#205 = LINE ( 'NONE', #1552, #1284 ) ;
#206 = CARTESIAN_POINT ( 'NONE',  ( -2.550000000000000266, 1.500000000000000444, -1.100000000000000089 ) ) ;
#207 = ORIENTED_EDGE ( 'NONE', *, *, #2344, .T. ) ;
#208 = AXIS2_PLACEMENT_3D ( 'NONE', #675, #2024, #231 ) ;
#209 = CARTESIAN_POINT ( 'NONE',  ( -2.850000000000000089, 0.1499999999999997446, 3.084943324127921382 ) ) ;
#210 = CARTESIAN_POINT ( 'NONE',  ( 2.850000000000000089, 0.1299999999999997546, 3.084943324127921382 ) ) ;
#211 = ORIENTED_EDGE ( 'NONE', *, *, #391, .T. ) ;
#212 = CARTESIAN_POINT ( 'NONE',  ( -2.850000000000000089, 1.499999999999999778, 1.600000000000000311 ) ) ;
#213 = ORIENTED_EDGE ( 'NONE', *, *, #793, .F. ) ;
#214 = VERTEX_POINT ( 'NONE', #185 ) ;
#215 = FACE_OUTER_BOUND ( 'NONE', #706, .T. ) ;
#216 = LINE ( 'NONE', #2530, #1624 ) ;
#217 = CARTESIAN_POINT ( 'NONE',  ( -2.236264737416298942, 2.700000000000000178, -1.436264737416298454 ) ) ;
#218 = DIRECTION ( 'NONE',  ( 0.000000000000000000, 0.000000000000000000, -1.000000000000000000 ) ) ;
#219 = CARTESIAN_POINT ( 'NONE',  ( -1.984517536199903009, 2.700000000000000178, 0.1499999999999999389 ) ) ;
#220 = ORIENTED_EDGE ( 'NONE', *, *, #1342, .F. ) ;
#221 = DIRECTION ( 'NONE',  ( -9.035018104045871927E-17, 0.000000000000000000, 1.000000000000000000 ) ) ;
#222 = PLANE ( 'NONE',  #2225 ) ;
#223 = EDGE_CURVE ( 'NONE', #321, #2272, #1147, .T. ) ;
#224 = ORIENTED_EDGE ( 'NONE', *, *, #888, .T. ) ;
#225 = CARTESIAN_POINT ( 'NONE',  ( -1.400000000000000133, 3.887817782917155629, -1.200000000000000178 ) ) ;
#226 = VERTEX_POINT ( 'NONE', #2557 ) ;
#227 = ORIENTED_EDGE ( 'NONE', *, *, #143, .F. ) ;
#228 = DIRECTION ( 'NONE',  ( -0.000000000000000000, -0.000000000000000000, 1.000000000000000000 ) ) ;
#229 = CARTESIAN_POINT ( 'NONE',  ( -2.999999999999999556, 0.9000000000000004663, -0.5000000000000000000 ) ) ;
#230 = EDGE_CURVE ( 'NONE', #624, #328, #2359, .T. ) ;
#231 = DIRECTION ( 'NONE',  ( -1.000000000000000000, 0.000000000000000000, 0.000000000000000000 ) ) ;
#232 = EDGE_CURVE ( 'NONE', #421, #1979, #1938, .T. ) ;
#233 = ORIENTED_EDGE ( 'NONE', *, *, #1894, .T. ) ;
#234 = ORIENTED_EDGE ( 'NONE', *, *, #1297, .T. ) ;
#235 = ADVANCED_FACE ( 'NONE', ( #1590 ), #1749, .F. ) ;
#236 =( LENGTH_UNIT ( ) NAMED_UNIT ( * ) SI_UNIT ( .MILLI., .METRE. ) );
#237 = ORIENTED_EDGE ( 'NONE', *, *, #702, .T. ) ;
#238 = ORIENTED_EDGE ( 'NONE', *, *, #2564, .T. ) ;
#239 = LINE ( 'NONE', #212, #1364 ) ;
#240 = ORIENTED_EDGE ( 'NONE', *, *, #2388, .T. ) ;
#241 = CARTESIAN_POINT ( 'NONE',  ( -0.3772618744624094411, 4.702747194716850210, -1.319795928322820000 ) ) ;
#242 = VECTOR ( 'NONE', #1772, 1000.000000000000000 ) ;
#243 = CARTESIAN_POINT ( 'NONE',  ( -2.110391136808100754, 2.799999999999999822, -0.005421480722350177292 ) ) ;
#244 = CIRCLE ( 'NONE', #911, 0.02000000000000005246 ) ;
#245 = FACE_OUTER_BOUND ( 'NONE', #1047, .T. ) ;
#246 = CARTESIAN_POINT ( 'NONE',  ( -3.000000000000000888, 1.499999999999999778, 0.4999999999999997780 ) ) ;
#247 = VECTOR ( 'NONE', #1577, 1000.000000000000000 ) ;
#248 = ORIENTED_EDGE ( 'NONE', *, *, #1708, .F. ) ;
#249 = CARTESIAN_POINT ( 'NONE',  ( -2.850000000000000533, 1.500000000000000666, 0.4999999999999997780 ) ) ;
#250 = AXIS2_PLACEMENT_3D ( 'NONE', #1743, #1769, #1586 ) ;
#251 = CARTESIAN_POINT ( 'NONE',  ( -1.700000000000000178, 0.000000000000000000, 1.100000000000000311 ) ) ;
#252 = ORIENTED_EDGE ( 'NONE', *, *, #230, .F. ) ;
#253 = EDGE_CURVE ( 'NONE', #1412, #321, #759, .T. ) ;
#254 = CIRCLE ( 'NONE', #1981, 0.1999999999999999833 ) ;
#255 = EDGE_CURVE ( 'NONE', #1132, #2250, #197, .T. ) ;
#256 = ORIENTED_EDGE ( 'NONE', *, *, #2123, .F. ) ;
#257 = DIRECTION ( 'NONE',  ( 1.000000000000000000, 6.195440985631446443E-16, 0.000000000000000000 ) ) ;
#258 = ORIENTED_EDGE ( 'NONE', *, *, #2133, .F. ) ;
#259 = EDGE_CURVE ( 'NONE', #2250, #482, #1725, .T. ) ;
#260 = ADVANCED_FACE ( 'NONE', ( #544 ), #2338, .F. ) ;
#261 = FACE_OUTER_BOUND ( 'NONE', #1864, .T. ) ;
#262 = ORIENTED_EDGE ( 'NONE', *, *, #1688, .T. ) ;
#263 = ORIENTED_EDGE ( 'NONE', *, *, #2063, .F. ) ;
#264 = CYLINDRICAL_SURFACE ( 'NONE', #1659, 0.1499999999999999667 ) ;
#265 = PRODUCT_DEFINITION_FORMATION_WITH_SPECIFIED_SOURCE ( 'ANY', '', #812, .NOT_KNOWN. ) ;
#266 = ORIENTED_EDGE ( 'NONE', *, *, #920, .T. ) ;
#267 = FACE_OUTER_BOUND ( 'NONE', #1414, .T. ) ;
#268 = LINE ( 'NONE', #107, #327 ) ;
#269 = ORIENTED_EDGE ( 'NONE', *, *, #435, .T. ) ;
#270 = EDGE_CURVE ( 'NONE', #2129, #606, #566, .T. ) ;
#271 = ADVANCED_FACE ( 'NONE', ( #354 ), #1164, .F. ) ;
#272 =( NAMED_UNIT ( * ) PLANE_ANGLE_UNIT ( ) SI_UNIT ( $, .RADIAN. ) );
#273 = DIRECTION ( 'NONE',  ( -0.000000000000000000, -0.000000000000000000, -1.000000000000000000 ) ) ;
#274 = CARTESIAN_POINT ( 'NONE',  ( -2.850000000000000089, 1.500000000000000000, 1.100000000000000089 ) ) ;
#275 = ORIENTED_EDGE ( 'NONE', *, *, #46, .T. ) ;
#276 = DIRECTION ( 'NONE',  ( -1.649872871173594090E-16, -1.000000000000000000, 0.000000000000000000 ) ) ;
#277 = ORIENTED_EDGE ( 'NONE', *, *, #1076, .T. ) ;
#278 = FACE_OUTER_BOUND ( 'NONE', #442, .T. ) ;
#279 = ORIENTED_EDGE ( 'NONE', *, *, #1342, .T. ) ;
#280 = VERTEX_POINT ( 'NONE', #2528 ) ;
#281 = AXIS2_PLACEMENT_3D ( 'NONE', #1168, #1943, #176 ) ;
#282 = PLANE ( 'NONE',  #90 ) ;
#283 = DIRECTION ( 'NONE',  ( -0.000000000000000000, -0.000000000000000000, -1.000000000000000000 ) ) ;
#284 = PRESENTATION_LAYER_ASSIGNMENT (  '', '', ( #367 ) ) ;
#285 = ORIENTED_EDGE ( 'NONE', *, *, #2388, .F. ) ;
#286 = EDGE_LOOP ( 'NONE', ( #2337, #269, #1387, #881 ) ) ;
#287 = CYLINDRICAL_SURFACE ( 'NONE', #730, 0.02000000000000005246 ) ;
#288 = ORIENTED_EDGE ( 'NONE', *, *, #697, .F. ) ;
#289 = AXIS2_PLACEMENT_3D ( 'NONE', #1034, #1176, #1601 ) ;
#290 = CIRCLE ( 'NONE', #1734, 0.02000000000000005246 ) ;
#291 = ORIENTED_EDGE ( 'NONE', *, *, #65, .T. ) ;
#292 = EDGE_CURVE ( 'NONE', #341, #2418, #2117, .T. ) ;
#293 = CARTESIAN_POINT ( 'NONE',  ( -1.655335693077024439, 0.9000000000000014655, 0.4999999999999998890 ) ) ;
#294 = DIRECTION ( 'NONE',  ( 0.08715574274765820750, -0.9961946980917455452, 1.800127426482689114E-16 ) ) ;
#295 = DIRECTION ( 'NONE',  ( 1.000000000000000000, -0.000000000000000000, -0.000000000000000000 ) ) ;
#296 = VECTOR ( 'NONE', #1593, 1000.000000000000000 ) ;
#297 = VERTEX_POINT ( 'NONE', #2331 ) ;
#298 = DIRECTION ( 'NONE',  ( 1.000000000000000000, 0.000000000000000000, 0.000000000000000000 ) ) ;
#299 = ORIENTED_EDGE ( 'NONE', *, *, #2136, .F. ) ;
#300 = CARTESIAN_POINT ( 'NONE',  ( -1.984517536199903009, 2.700000000000000178, -0.1500000000000001610 ) ) ;
#301 =( GEOMETRIC_REPRESENTATION_CONTEXT ( 3 ) GLOBAL_UNCERTAINTY_ASSIGNED_CONTEXT ( ( #165 ) ) GLOBAL_UNIT_ASSIGNED_CONTEXT ( ( #821, #772, #1031 ) ) REPRESENTATION_CONTEXT ( 'NONE', 'WORKASPACE' ) );
#302 = LINE ( 'NONE', #2450, #1320 ) ;
#303 = CYLINDRICAL_SURFACE ( 'NONE', #410, 0.1999999999999999833 ) ;
#304 = EDGE_CURVE ( 'NONE', #433, #1087, #1115, .T. ) ;
#305 = FACE_OUTER_BOUND ( 'NONE', #2230, .T. ) ;
#306 = PRESENTATION_LAYER_ASSIGNMENT (  '', '', ( #1174 ) ) ;
#307 = ORIENTED_EDGE ( 'NONE', *, *, #1796, .F. ) ;
#308 = LINE ( 'NONE', #907, #1251 ) ;
#309 = VERTEX_POINT ( 'NONE', #718 ) ;
#310 = EDGE_CURVE ( 'NONE', #1666, #56, #173, .T. ) ;
#311 = CARTESIAN_POINT ( 'NONE',  ( -1.984517536199903009, 2.700000000000000178, -1.436264737416298676 ) ) ;
#312 = EDGE_CURVE ( 'NONE', #204, #857, #545, .T. ) ;
#313 = DIRECTION ( 'NONE',  ( 0.000000000000000000, 0.000000000000000000, -1.000000000000000000 ) ) ;
#314 = CARTESIAN_POINT ( 'NONE',  ( -2.850000000000000089, 1.499999999999999778, 1.600000000000000311 ) ) ;
#315 = LINE ( 'NONE', #241, #376 ) ;
#316 = ORIENTED_EDGE ( 'NONE', *, *, #2538, .T. ) ;
#317 = SURFACE_STYLE_USAGE ( .BOTH. , #592 ) ;
#318 = CIRCLE ( 'NONE', #717, 0.1499999999999995226 ) ;
#319 = CARTESIAN_POINT ( 'NONE',  ( -2.550000000000000266, 1.500000000000000444, -1.100000000000000089 ) ) ;
#320 = FACE_OUTER_BOUND ( 'NONE', #1295, .T. ) ;
#321 = VERTEX_POINT ( 'NONE', #2130 ) ;
#322 = CLOSED_SHELL ( 'NONE', ( #1919, #800, #1679, #1178, #1462, #1584, #146, #785, #2005, #271, #2445, #961, #1504, #1563 ) ) ;
#323 = DIRECTION ( 'NONE',  ( 0.000000000000000000, 1.000000000000000000, 0.000000000000000000 ) ) ;
#324 = AXIS2_PLACEMENT_3D ( 'NONE', #1739, #2529, #1550 ) ;
#325 = CARTESIAN_POINT ( 'NONE',  ( -2.870000000000000107, 0.1499999999999997446, 1.100000000000000311 ) ) ;
#326 = DIRECTION ( 'NONE',  ( -1.000000000000000000, 1.445602896647339706E-15, -0.000000000000000000 ) ) ;
#327 = VECTOR ( 'NONE', #1057, 1000.000000000000000 ) ;
#328 = VERTEX_POINT ( 'NONE', #1181 ) ;
#329 = VECTOR ( 'NONE', #1704, 1000.000000000000000 ) ;
#330 = PRESENTATION_STYLE_ASSIGNMENT (( #317 ) ) ;
#331 = AXIS2_PLACEMENT_3D ( 'NONE', #2070, #698, #1310 ) ;
#332 = DIRECTION ( 'NONE',  ( 0.000000000000000000, 1.000000000000000000, -0.000000000000000000 ) ) ;
#333 = PLANE ( 'NONE',  #695 ) ;
#334 = EDGE_CURVE ( 'NONE', #1054, #2082, #2427, .T. ) ;
#335 = CARTESIAN_POINT ( 'NONE',  ( -1.984517536199903009, 2.700000000000000178, -1.436264737416298676 ) ) ;
#336 = ORIENTED_EDGE ( 'NONE', *, *, #253, .T. ) ;
#337 = DIRECTION ( 'NONE',  ( -1.000000000000000000, 0.000000000000000000, 0.000000000000000000 ) ) ;
#338 =( LENGTH_UNIT ( ) NAMED_UNIT ( * ) SI_UNIT ( .MILLI., .METRE. ) );
#339 = FACE_OUTER_BOUND ( 'NONE', #1862, .T. ) ;
#340 = FILL_AREA_STYLE_COLOUR ( '', #1991 ) ;
#341 = VERTEX_POINT ( 'NONE', #1376 ) ;
#342 = EDGE_CURVE ( 'NONE', #341, #1580, #355, .T. ) ;
#343 = PLANE ( 'NONE',  #938 ) ;
#344 = ADVANCED_FACE ( 'NONE', ( #2518 ), #2501, .T. ) ;
#345 = CARTESIAN_POINT ( 'NONE',  ( -1.984517536199902565, 2.700000000000000178, 1.436264737416298232 ) ) ;
#346 = LINE ( 'NONE', #132, #1695 ) ;
#347 = ORIENTED_EDGE ( 'NONE', *, *, #310, .F. ) ;
#348 = CARTESIAN_POINT ( 'NONE',  ( -2.550000000000000266, 1.370000000000000551, 1.100000000000000311 ) ) ;
#349 = ORIENTED_EDGE ( 'NONE', *, *, #2215, .T. ) ;
#350 = CARTESIAN_POINT ( 'NONE',  ( -2.850000000000000089, 1.500000000000000000, -1.100000000000000089 ) ) ;
#351 = CARTESIAN_POINT ( 'NONE',  ( 2.850000000000000089, 1.499999999999999778, 1.600000000000000311 ) ) ;
#352 = CARTESIAN_POINT ( 'NONE',  ( 1.400000000000000133, 0.2000000000000000944, -1.200000000000000622 ) ) ;
#353 = EDGE_LOOP ( 'NONE', ( #844, #2392, #224, #2028 ) ) ;
#354 = FACE_OUTER_BOUND ( 'NONE', #926, .T. ) ;
#355 = LINE ( 'NONE', #2147, #720 ) ;
#356 = CARTESIAN_POINT ( 'NONE',  ( -2.850000000000000089, 1.370000000000000551, -1.100000000000000089 ) ) ;
#357 = EDGE_CURVE ( 'NONE', #2382, #794, #1148, .T. ) ;
#358 = CARTESIAN_POINT ( 'NONE',  ( -1.984517536199903009, 2.700000000000000178, -0.1500000000000001610 ) ) ;
#359 = CARTESIAN_POINT ( 'NONE',  ( 2.850000000000000089, 1.500000000000000000, -1.100000000000000089 ) ) ;
#360 = ORIENTED_EDGE ( 'NONE', *, *, #2296, .F. ) ;
#361 = VECTOR ( 'NONE', #2429, 1000.000000000000000 ) ;
#362 = CARTESIAN_POINT ( 'NONE',  ( 1.399999999999999911, 3.887817782917155629, 1.199999999999999289 ) ) ;
#363 = DIRECTION ( 'NONE',  ( -0.9961946980917455452, -0.08715574274765820750, 0.000000000000000000 ) ) ;
#364 = DIRECTION ( 'NONE',  ( -0.000000000000000000, -0.000000000000000000, -1.000000000000000000 ) ) ;
#365 = VECTOR ( 'NONE', #434, 1000.000000000000000 ) ;
#366 = EDGE_CURVE ( 'NONE', #22, #1213, #141, .T. ) ;
#367 = STYLED_ITEM ( 'NONE', ( #1362 ), #1007 ) ;
#368 = ORIENTED_EDGE ( 'NONE', *, *, #1182, .T. ) ;
#369 = DIRECTION ( 'NONE',  ( 0.000000000000000000, -1.000000000000000000, 1.807003620809176851E-16 ) ) ;
#370 = VECTOR ( 'NONE', #505, 1000.000000000000000 ) ;
#371 = ORIENTED_EDGE ( 'NONE', *, *, #1688, .F. ) ;
#372 = FACE_OUTER_BOUND ( 'NONE', #1175, .T. ) ;
#373 = CIRCLE ( 'NONE', #2520, 0.1499999999999999667 ) ;
#374 = CARTESIAN_POINT ( 'NONE',  ( -2.236264737416298498, 2.700000000000000178, 1.436264737416298454 ) ) ;
#375 = FACE_OUTER_BOUND ( 'NONE', #748, .T. ) ;
#376 = VECTOR ( 'NONE', #1101, 1000.000000000000114 ) ;
#377 = DIRECTION ( 'NONE',  ( 0.000000000000000000, 1.000000000000000000, 0.000000000000000000 ) ) ;
#378 = CARTESIAN_POINT ( 'NONE',  ( -2.850000000000000089, -2.168404344971008868E-16, 1.100000000000000311 ) ) ;
#379 = ADVANCED_FACE ( 'NONE', ( #976 ), #1763, .T. ) ;
#380 = DIRECTION ( 'NONE',  ( 1.000000000000000000, 0.000000000000000000, 0.000000000000000000 ) ) ;
#381 = DIRECTION ( 'NONE',  ( 3.371629932616595944E-16, 0.000000000000000000, 1.000000000000000000 ) ) ;
#382 = DIRECTION ( 'NONE',  ( -0.000000000000000000, 1.000000000000000000, -0.000000000000000000 ) ) ;
#383 = EDGE_LOOP ( 'NONE', ( #815, #2161, #2422, #1426, #1312 ) ) ;
#384 = ORIENTED_EDGE ( 'NONE', *, *, #822, .F. ) ;
#385 = LINE ( 'NONE', #1180, #1572 ) ;
#386 = CARTESIAN_POINT ( 'NONE',  ( 2.850000000000000089, 1.370000000000000551, -1.100000000000000089 ) ) ;
#387 = LINE ( 'NONE', #1972, #2178 ) ;
#388 = PLANE ( 'NONE',  #250 ) ;
#389 = ORIENTED_EDGE ( 'NONE', *, *, #49, .F. ) ;
#390 = ADVANCED_FACE ( 'NONE', ( #2561 ), #1388, .T. ) ;
#391 = EDGE_CURVE ( 'NONE', #857, #2129, #1346, .T. ) ;
#392 = DIRECTION ( 'NONE',  ( -3.614007241618345813E-16, -1.000000000000000000, 0.000000000000000000 ) ) ;
#393 = FACE_OUTER_BOUND ( 'NONE', #756, .T. ) ;
#394 = VERTEX_POINT ( 'NONE', #2106 ) ;
#395 = LINE ( 'NONE', #1962, #2345 ) ;
#396 = CARTESIAN_POINT ( 'NONE',  ( -2.236264737416298498, 2.700000000000000178, 1.436264737416298454 ) ) ;
#397 = ORIENTED_EDGE ( 'NONE', *, *, #2466, .T. ) ;
#398 = DIRECTION ( 'NONE',  ( -0.000000000000000000, -0.000000000000000000, 1.000000000000000000 ) ) ;
#399 = DIRECTION ( 'NONE',  ( -0.000000000000000000, -0.000000000000000000, -1.000000000000000000 ) ) ;
#400 = DIRECTION ( 'NONE',  ( -1.000000000000000000, 1.885568995626964287E-16, 0.000000000000000000 ) ) ;
#401 = DIRECTION ( 'NONE',  ( 1.000000000000000000, 0.000000000000000000, -0.000000000000000000 ) ) ;
#402 = ORIENTED_EDGE ( 'NONE', *, *, #498, .F. ) ;
#403 = DIRECTION ( 'NONE',  ( -0.000000000000000000, -0.000000000000000000, 1.000000000000000000 ) ) ;
#404 = CLOSED_SHELL ( 'NONE', ( #998, #379, #1531, #1255, #1502, #2086, #2467 ) ) ;
#405 = ORIENTED_EDGE ( 'NONE', *, *, #1606, .F. ) ;
#406 = AXIS2_PLACEMENT_3D ( 'NONE', #1019, #1382, #790 ) ;
#407 = CARTESIAN_POINT ( 'NONE',  ( -2.850000000000000089, 1.500000000000000000, -1.100000000000000089 ) ) ;
#408 = COLOUR_RGB ( '',0.7921568627450980005, 0.8196078431372548767, 0.9333333333333333481 ) ;
#409 = EDGE_LOOP ( 'NONE', ( #2226, #737, #1643, #207, #195, #1494, #1059, #513 ) ) ;
#410 = AXIS2_PLACEMENT_3D ( 'NONE', #1668, #671, #1655 ) ;
#411 = DIRECTION ( 'NONE',  ( -0.000000000000000000, -0.000000000000000000, 1.000000000000000000 ) ) ;
#412 = ORIENTED_EDGE ( 'NONE', *, *, #1875, .T. ) ;
#413 = CARTESIAN_POINT ( 'NONE',  ( -2.870000000000000107, 1.350000000000000533, -1.100000000000000089 ) ) ;
#414 = PLANE ( 'NONE',  #415 ) ;
#415 = AXIS2_PLACEMENT_3D ( 'NONE', #1186, #1570, #2547 ) ;
#416 = EDGE_CURVE ( 'NONE', #55, #904, #952, .T. ) ;
#417 = VECTOR ( 'NONE', #1582, 1000.000000000000114 ) ;
#418 = CARTESIAN_POINT ( 'NONE',  ( -2.850000000000000089, 1.500000000000000000, -1.100000000000000089 ) ) ;
#419 = ORIENTED_EDGE ( 'NONE', *, *, #1046, .T. ) ;
#420 = LINE ( 'NONE', #1232, #1409 ) ;
#421 = VERTEX_POINT ( 'NONE', #345 ) ;
#422 = ADVANCED_FACE ( 'NONE', ( #965 ), #1727, .T. ) ;
#423 = ORIENTED_EDGE ( 'NONE', *, *, #627, .T. ) ;
#424 = CARTESIAN_POINT ( 'NONE',  ( -2.850000000000000089, 1.350000000000000533, -1.100000000000000089 ) ) ;
#425 = PLANE ( 'NONE',  #1088 ) ;
#426 = EDGE_CURVE ( 'NONE', #1600, #1852, #2010, .T. ) ;
#427 = DIRECTION ( 'NONE',  ( 0.08682659386424762538, -0.9924325091389669673, -0.08682659386424762538 ) ) ;
#428 = CARTESIAN_POINT ( 'NONE',  ( 2.850000000000000089, 1.370000000000000551, -1.100000000000000089 ) ) ;
#429 = ORIENTED_EDGE ( 'NONE', *, *, #1381, .T. ) ;
#430 = CARTESIAN_POINT ( 'NONE',  ( 2.850000000000000089, 1.350000000000000533, -1.100000000000000089 ) ) ;
#431 = ORIENTED_EDGE ( 'NONE', *, *, #627, .F. ) ;
#432 = DIRECTION ( 'NONE',  ( 1.000000000000000000, 0.000000000000000000, -0.000000000000000000 ) ) ;
#433 = VERTEX_POINT ( 'NONE', #1751 ) ;
#434 = DIRECTION ( 'NONE',  ( 7.228014483236703458E-16, -1.000000000000000000, 1.807003620809175864E-16 ) ) ;
#435 = EDGE_CURVE ( 'NONE', #2110, #309, #2542, .T. ) ;
#436 = DIRECTION ( 'NONE',  ( 0.000000000000000000, -1.000000000000000000, 0.000000000000000000 ) ) ;
#437 = EDGE_LOOP ( 'NONE', ( #1058, #622, #371, #729 ) ) ;
#438 = EDGE_CURVE ( 'NONE', #471, #1021, #1867, .T. ) ;
#439 = VERTEX_POINT ( 'NONE', #1463 ) ;
#440 = DIRECTION ( 'NONE',  ( -0.000000000000000000, -0.000000000000000000, -1.000000000000000000 ) ) ;
#441 = CARTESIAN_POINT ( 'NONE',  ( -2.236264737416298942, 2.700000000000000178, -0.1500000000000000500 ) ) ;
#442 = EDGE_LOOP ( 'NONE', ( #402, #240, #238, #1290 ) ) ;
#443 = ORIENTED_EDGE ( 'NONE', *, *, #2213, .T. ) ;
#444 = DIRECTION ( 'NONE',  ( -0.000000000000000000, -1.000000000000000000, 0.000000000000000000 ) ) ;
#445 = EDGE_CURVE ( 'NONE', #2294, #1678, #2031, .T. ) ;
#446 = EDGE_CURVE ( 'NONE', #696, #297, #868, .T. ) ;
#447 = ADVANCED_FACE ( 'NONE', ( #267 ), #1840, .F. ) ;
#448 = VECTOR ( 'NONE', #465, 1000.000000000000000 ) ;
#449 = ORIENTED_EDGE ( 'NONE', *, *, #2466, .F. ) ;
#450 = ADVANCED_BREP_SHAPE_REPRESENTATION ( 'T543C227M2R5AHE025', ( #981, #1007, #2503, #1040, #1583, #2280 ), #1633 ) ;
#451 = VECTOR ( 'NONE', #392, 1000.000000000000000 ) ;
#452 = VECTOR ( 'NONE', #1774, 1000.000000000000000 ) ;
#453 = DIRECTION ( 'NONE',  ( 0.000000000000000000, 0.000000000000000000, 1.000000000000000000 ) ) ;
#454 = LINE ( 'NONE', #1628, #518 ) ;
#455 = AXIS2_PLACEMENT_3D ( 'NONE', #470, #1498, #480 ) ;
#456 = ORIENTED_EDGE ( 'NONE', *, *, #1716, .T. ) ;
#457 = AXIS2_PLACEMENT_3D ( 'NONE', #913, #549, #1696 ) ;
#458 = CYLINDRICAL_SURFACE ( 'NONE', #1621, 0.02000000000000005246 ) ;
#459 = ORIENTED_EDGE ( 'NONE', *, *, #516, .F. ) ;
#460 = DIRECTION ( 'NONE',  ( -0.000000000000000000, -1.000000000000000000, -0.000000000000000000 ) ) ;
#461 = ORIENTED_EDGE ( 'NONE', *, *, #528, .F. ) ;
#462 = SURFACE_STYLE_USAGE ( .BOTH. , #2228 ) ;
#463 = LINE ( 'NONE', #217, #2052 ) ;
#464 = CARTESIAN_POINT ( 'NONE',  ( 2.870000000000000107, 0.1499999999999997446, -1.100000000000000089 ) ) ;
#465 = DIRECTION ( 'NONE',  ( 0.000000000000000000, 1.000000000000000000, 0.000000000000000000 ) ) ;
#466 = ORIENTED_EDGE ( 'NONE', *, *, #292, .T. ) ;
#467 = CARTESIAN_POINT ( 'NONE',  ( 3.000000000000000000, 0.1499999999999997446, 1.100000000000000311 ) ) ;
#468 = CYLINDRICAL_SURFACE ( 'NONE', #2433, 0.1999999999999999833 ) ;
#469 = EDGE_CURVE ( 'NONE', #1466, #1664, #302, .T. ) ;
#470 = CARTESIAN_POINT ( 'NONE',  ( 2.850000000000000089, 0.1499999999999997446, 1.100000000000000311 ) ) ;
#471 = VERTEX_POINT ( 'NONE', #1048 ) ;
#472 = EDGE_LOOP ( 'NONE', ( #818, #154, #1267, #1528, #565, #1520, #1145, #429 ) ) ;
#473 = DIRECTION ( 'NONE',  ( 0.000000000000000000, 1.000000000000000000, 0.000000000000000000 ) ) ;
#474 = DIRECTION ( 'NONE',  ( -0.000000000000000000, -0.000000000000000000, -1.000000000000000000 ) ) ;
#475 = CARTESIAN_POINT ( 'NONE',  ( -2.110391136808100754, 2.700000000000000178, 0.1945785192776498251 ) ) ;
#476 = ORIENTED_EDGE ( 'NONE', *, *, #2123, .T. ) ;
#477 = CARTESIAN_POINT ( 'NONE',  ( -2.550000000000000266, 1.370000000000000551, 1.100000000000000089 ) ) ;
#478 = ORIENTED_EDGE ( 'NONE', *, *, #174, .T. ) ;
#479 = ORIENTED_EDGE ( 'NONE', *, *, #1313, .F. ) ;
#480 = DIRECTION ( 'NONE',  ( 1.000000000000000000, 0.000000000000000000, 0.000000000000000000 ) ) ;
#481 = CARTESIAN_POINT ( 'NONE',  ( -2.236264737416298942, 2.799999999999999822, -1.436264737416298454 ) ) ;
#482 = VERTEX_POINT ( 'NONE', #69 ) ;
#483 = VECTOR ( 'NONE', #1185, 1000.000000000000000 ) ;
#484 = CARTESIAN_POINT ( 'NONE',  ( -2.850000000000000089, -2.168404344971008868E-16, -1.100000000000000089 ) ) ;
#485 =( GEOMETRIC_REPRESENTATION_CONTEXT ( 3 ) GLOBAL_UNCERTAINTY_ASSIGNED_CONTEXT ( ( #899 ) ) GLOBAL_UNIT_ASSIGNED_CONTEXT ( ( #532, #2079, #2142 ) ) REPRESENTATION_CONTEXT ( 'NONE', 'WORKASPACE' ) );
#486 = ORIENTED_EDGE ( 'NONE', *, *, #2275, .F. ) ;
#487 = EDGE_CURVE ( 'NONE', #226, #2176, #940, .T. ) ;
#488 = ORIENTED_EDGE ( 'NONE', *, *, #416, .T. ) ;
#489 = CARTESIAN_POINT ( 'NONE',  ( 2.870000000000000107, 0.1499999999999997446, 3.084943324127921382 ) ) ;
#490 = ORIENTED_EDGE ( 'NONE', *, *, #1920, .F. ) ;
#491 = VECTOR ( 'NONE', #608, 1000.000000000000000 ) ;
#492 = AXIS2_PLACEMENT_3D ( 'NONE', #2253, #91, #1052 ) ;
#493 = DIRECTION ( 'NONE',  ( 1.000000000000000000, 0.000000000000000000, -1.548860246407863583E-16 ) ) ;
#494 = DIRECTION ( 'NONE',  ( -1.548860246407863583E-16, 0.000000000000000000, -1.000000000000000000 ) ) ;
#495 = FILL_AREA_STYLE_COLOUR ( '', #1937 ) ;
#496 = VECTOR ( 'NONE', #2502, 1000.000000000000000 ) ;
#497 = EDGE_LOOP ( 'NONE', ( #1715, #676, #1374, #1127 ) ) ;
#498 = EDGE_CURVE ( 'NONE', #2425, #1588, #670, .T. ) ;
#499 = LINE ( 'NONE', #2483, #2267 ) ;
#500 = EDGE_CURVE ( 'NONE', #1759, #606, #1296, .T. ) ;
#501 = EDGE_CURVE ( 'NONE', #1580, #55, #1243, .T. ) ;
#502 = EDGE_LOOP ( 'NONE', ( #1359, #634, #419, #2157 ) ) ;
#503 = LINE ( 'NONE', #2073, #1456 ) ;
#504 = CARTESIAN_POINT ( 'NONE',  ( -2.110391136808100754, 2.700000000000000178, -0.005421480722350177292 ) ) ;
#505 = DIRECTION ( 'NONE',  ( 0.000000000000000000, 1.000000000000000000, 0.000000000000000000 ) ) ;
#506 = CARTESIAN_POINT ( 'NONE',  ( -2.550000000000000266, 1.370000000000000551, -1.100000000000000089 ) ) ;
#507 = VERTEX_POINT ( 'NONE', #2314 ) ;
#508 = FACE_OUTER_BOUND ( 'NONE', #1817, .T. ) ;
#509 = CARTESIAN_POINT ( 'NONE',  ( -2.850000000000000089, 0.1499999999999997446, 1.100000000000000311 ) ) ;
#510 = ORIENTED_EDGE ( 'NONE', *, *, #1501, .T. ) ;
#511 = FACE_OUTER_BOUND ( 'NONE', #751, .T. ) ;
#512 = CARTESIAN_POINT ( 'NONE',  ( -1.984517536199903009, 2.799999999999999822, 0.1499999999999999389 ) ) ;
#513 = ORIENTED_EDGE ( 'NONE', *, *, #2111, .T. ) ;
#514 = EDGE_CURVE ( 'NONE', #1897, #29, #75, .T. ) ;
#515 = CARTESIAN_POINT ( 'NONE',  ( 2.850000000000000089, 1.500000000000000000, 3.084943324127921382 ) ) ;
#516 = EDGE_CURVE ( 'NONE', #809, #1666, #1073, .T. ) ;
#517 = CARTESIAN_POINT ( 'NONE',  ( 2.838626473741630019, 1.370000000000000551, 1.100000000000000089 ) ) ;
#518 = VECTOR ( 'NONE', #283, 1000.000000000000000 ) ;
#519 = FACE_OUTER_BOUND ( 'NONE', #1645, .T. ) ;
#520 = ORIENTED_EDGE ( 'NONE', *, *, #2074, .F. ) ;
#521 = VECTOR ( 'NONE', #1062, 1000.000000000000000 ) ;
#522 = DIRECTION ( 'NONE',  ( -0.000000000000000000, -0.000000000000000000, -1.000000000000000000 ) ) ;
#523 = VECTOR ( 'NONE', #980, 1000.000000000000000 ) ;
#524 = ADVANCED_FACE ( 'NONE', ( #703 ), #1110, .T. ) ;
#525 = MECHANICAL_DESIGN_GEOMETRIC_PRESENTATION_REPRESENTATION (  '', ( #1818 ), #869 ) ;
#526 = CARTESIAN_POINT ( 'NONE',  ( 2.850000000000000089, 1.499999999999999778, -1.599999999999999645 ) ) ;
#527 =( NAMED_UNIT ( * ) PLANE_ANGLE_UNIT ( ) SI_UNIT ( $, .RADIAN. ) );
#528 = EDGE_CURVE ( 'NONE', #52, #2447, #1568, .T. ) ;
#529 = VECTOR ( 'NONE', #1317, 1000.000000000000000 ) ;
#530 = EDGE_LOOP ( 'NONE', ( #1951, #2006, #934, #2105 ) ) ;
#531 = AXIS2_PLACEMENT_3D ( 'NONE', #750, #401, #1931 ) ;
#532 =( LENGTH_UNIT ( ) NAMED_UNIT ( * ) SI_UNIT ( .MILLI., .METRE. ) );
#533 = VECTOR ( 'NONE', #1027, 1000.000000000000000 ) ;
#534 = CARTESIAN_POINT ( 'NONE',  ( 2.850000000000000089, 1.350000000000000533, 1.100000000000000311 ) ) ;
#535 = CARTESIAN_POINT ( 'NONE',  ( -2.236264737416298498, 2.799999999999999822, 1.436264737416298454 ) ) ;
#536 = LINE ( 'NONE', #1672, #112 ) ;
#537 = ORIENTED_EDGE ( 'NONE', *, *, #1261, .F. ) ;
#538 = CARTESIAN_POINT ( 'NONE',  ( -2.110391136808100754, 2.799999999999999822, 0.005421480722350002952 ) ) ;
#539 = DIRECTION ( 'NONE',  ( 0.000000000000000000, 1.000000000000000000, 0.000000000000000000 ) ) ;
#540 = VERTEX_POINT ( 'NONE', #2380 ) ;
#541 = CYLINDRICAL_SURFACE ( 'NONE', #2393, 0.02000000000000005246 ) ;
#542 = DIRECTION ( 'NONE',  ( 0.000000000000000000, 0.000000000000000000, -1.000000000000000000 ) ) ;
#543 = ORIENTED_EDGE ( 'NONE', *, *, #77, .F. ) ;
#544 = FACE_OUTER_BOUND ( 'NONE', #2346, .T. ) ;
#545 = LINE ( 'NONE', #556, #2555 ) ;
#546 = DIRECTION ( 'NONE',  ( 0.000000000000000000, 1.000000000000000000, 0.000000000000000000 ) ) ;
#547 = EDGE_LOOP ( 'NONE', ( #1902, #663, #1830, #2416, #1242, #488 ) ) ;
#548 = DIRECTION ( 'NONE',  ( 0.000000000000000000, -1.000000000000000000, 0.000000000000000000 ) ) ;
#549 = DIRECTION ( 'NONE',  ( -0.000000000000000000, -1.000000000000000000, 0.000000000000000000 ) ) ;
#550 = PRODUCT_DEFINITION ( 'UNKNOWN', '', #265, #752 ) ;
#551 = DIRECTION ( 'NONE',  ( -0.000000000000000000, -0.000000000000000000, -1.000000000000000000 ) ) ;
#552 = CARTESIAN_POINT ( 'NONE',  ( -2.550000000000000266, 1.500000000000000444, 1.100000000000000311 ) ) ;
#553 = FACE_OUTER_BOUND ( 'NONE', #1015, .T. ) ;
#554 = VERTEX_POINT ( 'NONE', #819 ) ;
#555 = CARTESIAN_POINT ( 'NONE',  ( -1.984517536199902565, 2.700000000000000178, 1.436264737416298232 ) ) ;
#556 = CARTESIAN_POINT ( 'NONE',  ( 2.550000000000000266, 1.370000000000000551, -1.100000000000000089 ) ) ;
#557 = CARTESIAN_POINT ( 'NONE',  ( -3.000000000000000000, 0.1499999999999997446, 1.100000000000000311 ) ) ;
#558 = CARTESIAN_POINT ( 'NONE',  ( 1.700000000000000178, 0.000000000000000000, -1.100000000000000089 ) ) ;
#559 = CARTESIAN_POINT ( 'NONE',  ( -2.236264737416298942, 2.700000000000000178, 0.1499999999999999389 ) ) ;
#560 = ORIENTED_EDGE ( 'NONE', *, *, #747, .F. ) ;
#561 = ADVANCED_FACE ( 'NONE', ( #1989 ), #167, .F. ) ;
#562 = DIRECTION ( 'NONE',  ( -0.000000000000000000, -0.000000000000000000, -1.000000000000000000 ) ) ;
#563 = CARTESIAN_POINT ( 'NONE',  ( -2.236264737416298942, 2.700000000000000178, 0.1499999999999999389 ) ) ;
#564 = VECTOR ( 'NONE', #1814, 1000.000000000000000 ) ;
#565 = ORIENTED_EDGE ( 'NONE', *, *, #2160, .F. ) ;
#566 = LINE ( 'NONE', #2145, #1968 ) ;
#567 = AXIS2_PLACEMENT_3D ( 'NONE', #1269, #2019, #2451 ) ;
#568 = ORIENTED_EDGE ( 'NONE', *, *, #2249, .T. ) ;
#569 = VECTOR ( 'NONE', #1120, 1000.000000000000000 ) ;
#570 = DIRECTION ( 'NONE',  ( 1.000000000000000000, 0.000000000000000000, 0.000000000000000000 ) ) ;
#571 = CARTESIAN_POINT ( 'NONE',  ( -2.870000000000000107, 1.350000000000000533, 1.100000000000000311 ) ) ;
#572 = ADVANCED_FACE ( 'NONE', ( #30 ), #1787, .F. ) ;
#573 = VECTOR ( 'NONE', #202, 1000.000000000000000 ) ;
#574 = ORIENTED_EDGE ( 'NONE', *, *, #342, .F. ) ;
#575 = EDGE_CURVE ( 'NONE', #1748, #31, #1523, .T. ) ;
#576 = PLANE ( 'NONE',  #1152 ) ;
#577 = FACE_OUTER_BOUND ( 'NONE', #2384, .T. ) ;
#578 = ORIENTED_EDGE ( 'NONE', *, *, #501, .F. ) ;
#579 = CARTESIAN_POINT ( 'NONE',  ( -2.236264737416298942, 2.799999999999999822, -1.436264737416298454 ) ) ;
#580 = DIRECTION ( 'NONE',  ( 0.000000000000000000, 0.000000000000000000, 1.000000000000000000 ) ) ;
#581 = ORIENTED_EDGE ( 'NONE', *, *, #2215, .F. ) ;
#582 = DIRECTION ( 'NONE',  ( -0.000000000000000000, 0.000000000000000000, -1.000000000000000000 ) ) ;
#583 = DIRECTION ( 'NONE',  ( 0.000000000000000000, 1.000000000000000000, 0.000000000000000000 ) ) ;
#584 = ORIENTED_EDGE ( 'NONE', *, *, #2402, .T. ) ;
#585 = CARTESIAN_POINT ( 'NONE',  ( -2.110391136808100754, 2.700000000000000178, -0.005421480722350177292 ) ) ;
#586 = CARTESIAN_POINT ( 'NONE',  ( -2.236264737416298942, 2.700000000000000178, -0.1500000000000000500 ) ) ;
#587 = VERTEX_POINT ( 'NONE', #2534 ) ;
#588 = DIRECTION ( 'NONE',  ( -3.614007241618345813E-16, -1.000000000000000000, 0.000000000000000000 ) ) ;
#589 = DIRECTION ( 'NONE',  ( 0.000000000000000000, -0.000000000000000000, -1.000000000000000000 ) ) ;
#590 = ORIENTED_EDGE ( 'NONE', *, *, #1877, .T. ) ;
#591 = DIRECTION ( 'NONE',  ( -0.000000000000000000, -0.000000000000000000, 1.000000000000000000 ) ) ;
#592 = SURFACE_SIDE_STYLE ('',( #791 ) ) ;
#593 = ORIENTED_EDGE ( 'NONE', *, *, #1155, .F. ) ;
#594 = CARTESIAN_POINT ( 'NONE',  ( -1.984517536199902565, 2.700000000000000178, 1.436264737416298232 ) ) ;
#595 = EDGE_LOOP ( 'NONE', ( #859, #1000, #1969, #2326 ) ) ;
#596 = LINE ( 'NONE', #1209, #115 ) ;
#597 = EDGE_CURVE ( 'NONE', #1102, #1856, #2394, .T. ) ;
#598 = LINE ( 'NONE', #1764, #1735 ) ;
#599 = FACE_OUTER_BOUND ( 'NONE', #1591, .T. ) ;
#600 = FACE_OUTER_BOUND ( 'NONE', #286, .T. ) ;
#601 = ORIENTED_EDGE ( 'NONE', *, *, #1066, .F. ) ;
#602 = FACE_OUTER_BOUND ( 'NONE', #1196, .T. ) ;
#603 = ADVANCED_FACE ( 'NONE', ( #1557 ), #1801, .F. ) ;
#604 = AXIS2_PLACEMENT_3D ( 'NONE', #1081, #2206, #1236 ) ;
#605 = EDGE_CURVE ( 'NONE', #2272, #606, #1171, .T. ) ;
#606 = VERTEX_POINT ( 'NONE', #1188 ) ;
#607 = AXIS2_PLACEMENT_3D ( 'NONE', #362, #970, #221 ) ;
#608 = DIRECTION ( 'NONE',  ( -1.000000000000000000, -0.000000000000000000, 8.613419869192900503E-16 ) ) ;
#609 = EDGE_CURVE ( 'NONE', #2082, #2399, #2551, .T. ) ;
#610 = VECTOR ( 'NONE', #2556, 1000.000000000000000 ) ;
#611 = LINE ( 'NONE', #1225, #2389 ) ;
#612 = CIRCLE ( 'NONE', #455, 0.02000000000000005246 ) ;
#613 = DIRECTION ( 'NONE',  ( -1.000000000000000000, 0.000000000000000000, 0.000000000000000000 ) ) ;
#614 = VECTOR ( 'NONE', #2391, 1000.000000000000000 ) ;
#615 = DIRECTION ( 'NONE',  ( -0.000000000000000000, -1.000000000000000000, 0.000000000000000000 ) ) ;
#616 = LINE ( 'NONE', #27, #1033 ) ;
#617 = PLANE ( 'NONE',  #1978 ) ;
#618 = CARTESIAN_POINT ( 'NONE',  ( -1.984517536199902565, 2.799999999999999822, 1.436264737416298232 ) ) ;
#619 = VECTOR ( 'NONE', #1893, 1000.000000000000000 ) ;
#620 = DIRECTION ( 'NONE',  ( -1.000000000000000000, -0.000000000000000000, 8.613419869192900503E-16 ) ) ;
#621 = CARTESIAN_POINT ( 'NONE',  ( -2.110391136808100754, 2.700000000000000178, -0.005421480722350177292 ) ) ;
#622 = ORIENTED_EDGE ( 'NONE', *, *, #1642, .F. ) ;
#623 = CARTESIAN_POINT ( 'NONE',  ( 2.550000000000000266, 1.500000000000000444, -1.100000000000000089 ) ) ;
#624 = VERTEX_POINT ( 'NONE', #1573 ) ;
#625 = EDGE_CURVE ( 'NONE', #328, #1107, #2351, .T. ) ;
#626 = ORIENTED_EDGE ( 'NONE', *, *, #416, .F. ) ;
#627 = EDGE_CURVE ( 'NONE', #1397, #2484, #2155, .T. ) ;
#628 = CARTESIAN_POINT ( 'NONE',  ( -2.236264737416298942, 2.799999999999999822, -0.1500000000000000500 ) ) ;
#629 = CARTESIAN_POINT ( 'NONE',  ( -2.850000000000000089, 1.350000000000000533, 3.084943324127921382 ) ) ;
#630 = CARTESIAN_POINT ( 'NONE',  ( -2.110391136808100754, 2.799999999999999822, 0.1945785192776498251 ) ) ;
#631 = ORIENTED_EDGE ( 'NONE', *, *, #1747, .T. ) ;
#632 = EDGE_CURVE ( 'NONE', #433, #1600, #986, .T. ) ;
#633 = CARTESIAN_POINT ( 'NONE',  ( -2.550000000000000266, 1.500000000000000444, 1.100000000000000089 ) ) ;
#635 = EDGE_CURVE ( 'NONE', #943, #2108, #667, .T. ) ;
#634 = ORIENTED_EDGE ( 'NONE', *, *, #2251, .T. ) ;
#636 = ORIENTED_EDGE ( 'NONE', *, *, #2328, .F. ) ;
#637 = CARTESIAN_POINT ( 'NONE',  ( -2.850000000000000089, 1.370000000000000551, -0.5000000000000004441 ) ) ;
#638 = LINE ( 'NONE', #48, #610 ) ;
#639 = ORIENTED_EDGE ( 'NONE', *, *, #2170, .F. ) ;
#640 = ORIENTED_EDGE ( 'NONE', *, *, #2133, .T. ) ;
#641 = CARTESIAN_POINT ( 'NONE',  ( -2.110391136808100754, 2.700000000000000178, 0.005421480722350002952 ) ) ;
#642 = CARTESIAN_POINT ( 'NONE',  ( -2.236264737416298942, 2.700000000000000178, -0.1500000000000000500 ) ) ;
#643 = ORIENTED_EDGE ( 'NONE', *, *, #342, .T. ) ;
#644 = FACE_OUTER_BOUND ( 'NONE', #502, .T. ) ;
#645 = VERTEX_POINT ( 'NONE', #1239 ) ;
#646 = VERTEX_POINT ( 'NONE', #2012 ) ;
#647 = DIRECTION ( 'NONE',  ( 0.000000000000000000, 0.000000000000000000, -1.000000000000000000 ) ) ;
#648 = ORIENTED_EDGE ( 'NONE', *, *, #597, .T. ) ;
#649 = VECTOR ( 'NONE', #1354, 1000.000000000000000 ) ;
#650 = VERTEX_POINT ( 'NONE', #249 ) ;
#651 = VECTOR ( 'NONE', #2531, 1000.000000000000000 ) ;
#652 = MECHANICAL_DESIGN_GEOMETRIC_PRESENTATION_REPRESENTATION (  '', ( #367 ), #1927 ) ;
#653 = DIRECTION ( 'NONE',  ( 0.000000000000000000, 0.000000000000000000, 1.000000000000000000 ) ) ;
#654 = ADVANCED_FACE ( 'NONE', ( #848 ), #1447, .F. ) ;
#655 = CARTESIAN_POINT ( 'NONE',  ( -1.984517536199903009, 2.700000000000000178, 0.1499999999999999389 ) ) ;
#656 = VECTOR ( 'NONE', #1411, 1000.000000000000000 ) ;
#657 = ORIENTED_EDGE ( 'NONE', *, *, #487, .F. ) ;
#658 = VECTOR ( 'NONE', #177, 1000.000000000000000 ) ;
#659 = CARTESIAN_POINT ( 'NONE',  ( 2.870000000000000107, 1.350000000000000533, 1.100000000000000311 ) ) ;
#660 = AXIS2_PLACEMENT_3D ( 'NONE', #51, #1636, #2417 ) ;
#661 = DIRECTION ( 'NONE',  ( 0.000000000000000000, 0.000000000000000000, 1.000000000000000000 ) ) ;
#662 = ORIENTED_EDGE ( 'NONE', *, *, #1634, .T. ) ;
#663 = ORIENTED_EDGE ( 'NONE', *, *, #144, .F. ) ;
#664 = LINE ( 'NONE', #1227, #839 ) ;
#665 = ORIENTED_EDGE ( 'NONE', *, *, #469, .T. ) ;
#666 = ORIENTED_EDGE ( 'NONE', *, *, #2327, .T. ) ;
#667 = LINE ( 'NONE', #2196, #564 ) ;
#668 = LINE ( 'NONE', #66, #2350 ) ;
#669 = ORIENTED_EDGE ( 'NONE', *, *, #2074, .T. ) ;
#670 = LINE ( 'NONE', #1474, #1244 ) ;
#671 = DIRECTION ( 'NONE',  ( 0.000000000000000000, 1.000000000000000000, 0.000000000000000000 ) ) ;
#672 =( NAMED_UNIT ( * ) PLANE_ANGLE_UNIT ( ) SI_UNIT ( $, .RADIAN. ) );
#673 = ORIENTED_EDGE ( 'NONE', *, *, #366, .T. ) ;
#674 = EDGE_CURVE ( 'NONE', #1093, #794, #1016, .T. ) ;
#675 = CARTESIAN_POINT ( 'NONE',  ( 2.850000000000000089, 0.1499999999999997446, 3.084943324127921382 ) ) ;
#676 = ORIENTED_EDGE ( 'NONE', *, *, #792, .F. ) ;
#677 = DIRECTION ( 'NONE',  ( -0.000000000000000000, -0.000000000000000000, -1.000000000000000000 ) ) ;
#678 = VERTEX_POINT ( 'NONE', #2362 ) ;
#679 = DIRECTION ( 'NONE',  ( 6.195440985631446443E-16, -1.000000000000000000, 2.168404344971008868E-16 ) ) ;
#680 = EDGE_CURVE ( 'NONE', #1759, #1165, #2323, .T. ) ;
#681 = CARTESIAN_POINT ( 'NONE',  ( -1.984517536199903009, 2.700000000000000178, -1.436264737416298676 ) ) ;
#682 = ORIENTED_EDGE ( 'NONE', *, *, #357, .T. ) ;
#683 = EDGE_CURVE ( 'NONE', #507, #1460, #738, .T. ) ;
#684 = VECTOR ( 'NONE', #155, 1000.000000000000000 ) ;
#685 = VECTOR ( 'NONE', #2500, 1000.000000000000000 ) ;
#686 = DIRECTION ( 'NONE',  ( 1.000000000000000000, -0.000000000000000000, 1.119518429354559802E-31 ) ) ;
#687 = DIRECTION ( 'NONE',  ( -0.000000000000000000, -0.000000000000000000, 1.000000000000000000 ) ) ;
#688 = CIRCLE ( 'NONE', #82, 0.1499999999999999667 ) ;
#689 = VERTEX_POINT ( 'NONE', #413 ) ;
#690 = DIRECTION ( 'NONE',  ( -0.000000000000000000, 0.000000000000000000, -1.000000000000000000 ) ) ;
#691 = AXIS2_PLACEMENT_3D ( 'NONE', #2001, #771, #2156 ) ;
#692 = AXIS2_PLACEMENT_3D ( 'NONE', #941, #2121, #931 ) ;
#693 = CARTESIAN_POINT ( 'NONE',  ( 2.550000000000000266, 1.370000000000000551, -1.100000000000000089 ) ) ;
#694 = DIRECTION ( 'NONE',  ( 1.000000000000000000, 1.445602896647339706E-15, 0.000000000000000000 ) ) ;
#695 = AXIS2_PLACEMENT_3D ( 'NONE', #1701, #1511, #1094 ) ;
#696 = VERTEX_POINT ( 'NONE', #1542 ) ;
#697 = EDGE_CURVE ( 'NONE', #2176, #624, #1797, .T. ) ;
#698 = DIRECTION ( 'NONE',  ( 1.000000000000000000, -3.614007241618345813E-16, 0.000000000000000000 ) ) ;
#699 = LINE ( 'NONE', #1505, #2016 ) ;
#700 = ORIENTED_EDGE ( 'NONE', *, *, #1024, .T. ) ;
#701 = DIRECTION ( 'NONE',  ( -0.000000000000000000, -0.000000000000000000, -1.000000000000000000 ) ) ;
#702 = EDGE_CURVE ( 'NONE', #1806, #163, #190, .T. ) ;
#703 = FACE_OUTER_BOUND ( 'NONE', #1803, .T. ) ;
#704 = CARTESIAN_POINT ( 'NONE',  ( 2.850000000000000089, 1.499999999999999778, 1.600000000000000311 ) ) ;
#705 = CARTESIAN_POINT ( 'NONE',  ( 2.838626473741630019, 1.370000000000000551, 1.600000000000000311 ) ) ;
#706 = EDGE_LOOP ( 'NONE', ( #2456, #1268, #1909, #2069, #520, #1083, #256, #1858, #1157, #919, #1305, #1084 ) ) ;
#707 = CARTESIAN_POINT ( 'NONE',  ( -2.838626473741630019, 1.370000000000000551, 1.100000000000000089 ) ) ;
#708 = DIRECTION ( 'NONE',  ( -1.000000000000000000, 0.000000000000000000, -0.000000000000000000 ) ) ;
#709 = VERTEX_POINT ( 'NONE', #787 ) ;
#710 = EDGE_CURVE ( 'NONE', #1681, #63, #1930, .T. ) ;
#711 = CARTESIAN_POINT ( 'NONE',  ( -1.984517536199902565, 2.700000000000000178, 1.436264737416298232 ) ) ;
#712 = SURFACE_SIDE_STYLE ('',( #2102 ) ) ;
#713 = CARTESIAN_POINT ( 'NONE',  ( -2.110391136808100754, 2.700000000000000178, -0.005421480722350177292 ) ) ;
#714 = CARTESIAN_POINT ( 'NONE',  ( -2.236264737416298942, 2.799999999999999822, -1.436264737416298454 ) ) ;
#715 = ORIENTED_EDGE ( 'NONE', *, *, #958, .F. ) ;
#716 = FACE_OUTER_BOUND ( 'NONE', #789, .T. ) ;
#717 = AXIS2_PLACEMENT_3D ( 'NONE', #1476, #1746, #917 ) ;
#718 = CARTESIAN_POINT ( 'NONE',  ( 2.736264737416298942, 2.799999999999999822, 1.486264737416298942 ) ) ;
#719 = CARTESIAN_POINT ( 'NONE',  ( 2.736264737416298498, 0.2000000000000000944, 0.000000000000000000 ) ) ;
#720 = VECTOR ( 'NONE', #2308, 1000.000000000000114 ) ;
#721 = ORIENTED_EDGE ( 'NONE', *, *, #528, .T. ) ;
#722 = AXIS2_PLACEMENT_3D ( 'NONE', #2368, #562, #1365 ) ;
#723 = DIRECTION ( 'NONE',  ( -0.9961946980917455452, 0.08715574274765820750, 0.000000000000000000 ) ) ;
#724 = SURFACE_STYLE_USAGE ( .BOTH. , #712 ) ;
#725 = VECTOR ( 'NONE', #2277, 1000.000000000000000 ) ;
#726 = LINE ( 'NONE', #1518, #992 ) ;
#727 =( NAMED_UNIT ( * ) SI_UNIT ( $, .STERADIAN. ) SOLID_ANGLE_UNIT ( ) );
#728 = CIRCLE ( 'NONE', #457, 0.1999999999999999833 ) ;
#729 = ORIENTED_EDGE ( 'NONE', *, *, #2247, .F. ) ;
#730 = AXIS2_PLACEMENT_3D ( 'NONE', #1086, #677, #2027 ) ;
#731 = PLANE ( 'NONE',  #863 ) ;
#732 = VECTOR ( 'NONE', #1685, 1000.000000000000000 ) ;
#733 = CARTESIAN_POINT ( 'NONE',  ( 2.736264737416298942, 2.799999999999999822, 1.600000000000000311 ) ) ;
#734 = CARTESIAN_POINT ( 'NONE',  ( -2.236264737416298942, 2.700000000000000178, -1.436264737416298454 ) ) ;
#735 = EDGE_CURVE ( 'NONE', #341, #2153, #387, .T. ) ;
#736 = LINE ( 'NONE', #1882, #496 ) ;
#737 = ORIENTED_EDGE ( 'NONE', *, *, #438, .T. ) ;
#738 = LINE ( 'NONE', #1214, #773 ) ;
#739 = CARTESIAN_POINT ( 'NONE',  ( 2.850000000000000089, 1.500000000000000000, -1.100000000000000089 ) ) ;
#740 = CARTESIAN_POINT ( 'NONE',  ( -2.870000000000000107, 1.350000000000000533, 3.084943324127921382 ) ) ;
#741 = DIRECTION ( 'NONE',  ( 1.000000000000000000, -1.885568995626964287E-16, 0.000000000000000000 ) ) ;
#742 = ORIENTED_EDGE ( 'NONE', *, *, #1896, .F. ) ;
#743 = DIRECTION ( 'NONE',  ( 0.000000000000000000, -1.000000000000000000, 0.000000000000000000 ) ) ;
#744 = LINE ( 'NONE', #733, #153 ) ;
#745 = DIRECTION ( 'NONE',  ( 1.000000000000000000, 0.000000000000000000, 0.000000000000000000 ) ) ;
#746 = LINE ( 'NONE', #1013, #296 ) ;
#747 = EDGE_CURVE ( 'NONE', #1983, #1184, #161, .T. ) ;
#748 = EDGE_LOOP ( 'NONE', ( #2373, #1051, #21, #1473 ) ) ;
#749 = CARTESIAN_POINT ( 'NONE',  ( -2.236264737416298942, 2.700000000000000178, 0.1499999999999999389 ) ) ;
#750 = CARTESIAN_POINT ( 'NONE',  ( 2.550000000000000266, 1.500000000000000444, 3.084943324127921382 ) ) ;
#751 = EDGE_LOOP ( 'NONE', ( #2279, #456, #2470, #2021, #2537 ) ) ;
#752 = PRODUCT_DEFINITION_CONTEXT ( 'detailed design', #2148, 'design' ) ;
#753 = CARTESIAN_POINT ( 'NONE',  ( -2.850000000000000089, 1.370000000000000551, 1.100000000000000311 ) ) ;
#754 = DIRECTION ( 'NONE',  ( 0.000000000000000000, -0.000000000000000000, 1.000000000000000000 ) ) ;
#755 = DIRECTION ( 'NONE',  ( -1.000000000000000000, 0.000000000000000000, 1.548860246407863583E-16 ) ) ;
#756 = EDGE_LOOP ( 'NONE', ( #2349, #883, #476, #1622 ) ) ;
#757 = EDGE_CURVE ( 'NONE', #63, #22, #1742, .T. ) ;
#758 = EDGE_CURVE ( 'NONE', #912, #2489, #205, .T. ) ;
#759 = LINE ( 'NONE', #1560, #684 ) ;
#760 = EDGE_CURVE ( 'NONE', #1197, #1897, #1402, .T. ) ;
#761 = ORIENTED_EDGE ( 'NONE', *, *, #760, .F. ) ;
#762 = DIRECTION ( 'NONE',  ( -0.000000000000000000, -0.000000000000000000, -1.000000000000000000 ) ) ;
#763 = CARTESIAN_POINT ( 'NONE',  ( -2.850000000000000089, 1.499999999999999778, 1.600000000000000311 ) ) ;
#764 = LINE ( 'NONE', #1347, #2441 ) ;
#765 = ORIENTED_EDGE ( 'NONE', *, *, #2327, .F. ) ;
#766 = CARTESIAN_POINT ( 'NONE',  ( -2.236264737416298942, 2.700000000000000178, -1.436264737416298454 ) ) ;
#767 = LINE ( 'NONE', #206, #874 ) ;
#768 = EDGE_LOOP ( 'NONE', ( #581, #1441, #1957, #2419 ) ) ;
#769 = AXIS2_PLACEMENT_3D ( 'NONE', #1192, #1343, #369 ) ;
#770 = CARTESIAN_POINT ( 'NONE',  ( -2.999999999999999556, 1.350000000000000533, 1.100000000000000311 ) ) ;
#771 = DIRECTION ( 'NONE',  ( 0.000000000000000000, 0.000000000000000000, 1.000000000000000000 ) ) ;
#772 =( NAMED_UNIT ( * ) PLANE_ANGLE_UNIT ( ) SI_UNIT ( $, .RADIAN. ) );
#773 = VECTOR ( 'NONE', #588, 1000.000000000000000 ) ;
#774 = AXIS2_PLACEMENT_3D ( 'NONE', #515, #2370, #1309 ) ;
#775 = ORIENTED_EDGE ( 'NONE', *, *, #2448, .F. ) ;
#776 = LINE ( 'NONE', #2003, #247 ) ;
#777 = CARTESIAN_POINT ( 'NONE',  ( 1.400000000000000133, 3.887817782917155629, -1.200000000000000622 ) ) ;
#778 = CIRCLE ( 'NONE', #1692, 0.1499999999999995226 ) ;
#779 = ORIENTED_EDGE ( 'NONE', *, *, #1896, .T. ) ;
#780 = CYLINDRICAL_SURFACE ( 'NONE', #942, 0.1499999999999995226 ) ;
#781 = VECTOR ( 'NONE', #1065, 1000.000000000000000 ) ;
#782 = DIRECTION ( 'NONE',  ( 1.000000000000000000, 0.000000000000000000, -8.613419869192900503E-16 ) ) ;
#783 = DIRECTION ( 'NONE',  ( -0.000000000000000000, -1.000000000000000000, -0.000000000000000000 ) ) ;
#784 = VECTOR ( 'NONE', #1211, 1000.000000000000000 ) ;
#785 = ADVANCED_FACE ( 'NONE', ( #801 ), #576, .F. ) ;
#786 = ORIENTED_EDGE ( 'NONE', *, *, #2560, .T. ) ;
#787 = CARTESIAN_POINT ( 'NONE',  ( -2.236264737416298942, 2.700000000000000178, -0.1500000000000000500 ) ) ;
#788 = CARTESIAN_POINT ( 'NONE',  ( -2.236264737416298498, 2.700000000000000178, 1.436264737416298454 ) ) ;
#789 = EDGE_LOOP ( 'NONE', ( #2269, #2431, #1730, #88 ) ) ;
#790 = DIRECTION ( 'NONE',  ( 0.000000000000000000, 0.000000000000000000, -1.000000000000000000 ) ) ;
#791 = SURFACE_STYLE_FILL_AREA ( #1700 ) ;
#792 = EDGE_CURVE ( 'NONE', #587, #857, #1001, .T. ) ;
#793 = EDGE_CURVE ( 'NONE', #1666, #554, #1569, .T. ) ;
#794 = VERTEX_POINT ( 'NONE', #558 ) ;
#795 = CARTESIAN_POINT ( 'NONE',  ( -2.850000000000000089, 1.499999999999999778, -1.599999999999999645 ) ) ;
#796 = CARTESIAN_POINT ( 'NONE',  ( 2.550000000000000266, 1.370000000000000551, -1.100000000000000089 ) ) ;
#797 = ORIENTED_EDGE ( 'NONE', *, *, #143, .T. ) ;
#798 = FACE_OUTER_BOUND ( 'NONE', #472, .T. ) ;
#799 = PLANE ( 'NONE',  #1292 ) ;
#800 = ADVANCED_FACE ( 'NONE', ( #1361 ), #2137, .F. ) ;
#801 = FACE_OUTER_BOUND ( 'NONE', #2356, .T. ) ;
#802 = DIRECTION ( 'NONE',  ( 3.371629932616595944E-16, 0.000000000000000000, 1.000000000000000000 ) ) ;
#803 = VERTEX_POINT ( 'NONE', #766 ) ;
#804 = ADVANCED_FACE ( 'NONE', ( #599 ), #1784, .F. ) ;
#805 = EDGE_CURVE ( 'NONE', #1635, #1489, #2377, .T. ) ;
#806 = EDGE_CURVE ( 'NONE', #2418, #846, #616, .T. ) ;
#807 = CARTESIAN_POINT ( 'NONE',  ( -2.236264737416298942, 2.700000000000000178, -1.436264737416298454 ) ) ;
#808 = DIRECTION ( 'NONE',  ( 0.000000000000000000, 0.000000000000000000, 1.000000000000000000 ) ) ;
#809 = VERTEX_POINT ( 'NONE', #1609 ) ;
#810 = CARTESIAN_POINT ( 'NONE',  ( -1.400000000000000133, 3.887817782917155629, 1.199999999999999734 ) ) ;
#811 = ORIENTED_EDGE ( 'NONE', *, *, #2468, .F. ) ;
#812 = PRODUCT ( 'T543C227M2R5AHE025', 'T543C227M2R5AHE025', '', ( #2353 ) ) ;
#813 = PLANE ( 'NONE',  #1118 ) ;
#814 = LINE ( 'NONE', #2319, #784 ) ;
#815 = ORIENTED_EDGE ( 'NONE', *, *, #1297, .F. ) ;
#816 = DIRECTION ( 'NONE',  ( 0.000000000000000000, 1.000000000000000000, 0.000000000000000000 ) ) ;
#817 = LINE ( 'NONE', #788, #658 ) ;
#818 = ORIENTED_EDGE ( 'NONE', *, *, #1370, .F. ) ;
#819 = CARTESIAN_POINT ( 'NONE',  ( -2.236264737416298498, 2.700000000000000178, 1.436264737416298454 ) ) ;
#820 = PLANE ( 'NONE',  #1159 ) ;
#821 =( LENGTH_UNIT ( ) NAMED_UNIT ( * ) SI_UNIT ( .MILLI., .METRE. ) );
#822 = EDGE_CURVE ( 'NONE', #1939, #1107, #463, .T. ) ;
#823 = EDGE_CURVE ( 'NONE', #1510, #2424, #1432, .T. ) ;
#824 = VERTEX_POINT ( 'NONE', #1060 ) ;
#825 = AXIS2_PLACEMENT_3D ( 'NONE', #936, #2318, #158 ) ;
#826 = DIRECTION ( 'NONE',  ( 1.000000000000000000, 0.000000000000000000, 0.000000000000000000 ) ) ;
#827 = ORIENTED_EDGE ( 'NONE', *, *, #1760, .T. ) ;
#828 = VECTOR ( 'NONE', #2266, 1000.000000000000000 ) ;
#829 = ORIENTED_EDGE ( 'NONE', *, *, #1357, .T. ) ;
#830 = CARTESIAN_POINT ( 'NONE',  ( -2.550000000000000266, 1.370000000000000551, -1.100000000000000089 ) ) ;
#831 = AXIS2_PLACEMENT_3D ( 'NONE', #862, #444, #2041 ) ;
#832 = DIRECTION ( 'NONE',  ( 1.000000000000000000, 0.000000000000000000, -0.000000000000000000 ) ) ;
#833 = EDGE_CURVE ( 'NONE', #1087, #1852, #1014, .T. ) ;
#834 = MECHANICAL_DESIGN_GEOMETRIC_PRESENTATION_REPRESENTATION (  '', ( #2310 ), #121 ) ;
#835 = EDGE_CURVE ( 'NONE', #80, #56, #1488, .T. ) ;
#836 = EDGE_CURVE ( 'NONE', #912, #2243, #1418, .T. ) ;
#837 = LINE ( 'NONE', #2403, #1372 ) ;
#838 = CARTESIAN_POINT ( 'NONE',  ( -1.984517536199903009, 2.700000000000000178, 0.1499999999999999389 ) ) ;
#839 = VECTOR ( 'NONE', #1997, 1000.000000000000114 ) ;
#840 = DIRECTION ( 'NONE',  ( -1.000000000000000000, 1.649872871173593843E-16, 0.000000000000000000 ) ) ;
#841 = ORIENTED_EDGE ( 'NONE', *, *, #100, .T. ) ;
#842 = ORIENTED_EDGE ( 'NONE', *, *, #2513, .F. ) ;
#843 = LINE ( 'NONE', #2398, #119 ) ;
#844 = ORIENTED_EDGE ( 'NONE', *, *, #710, .F. ) ;
#845 = LINE ( 'NONE', #1061, #533 ) ;
#846 = VERTEX_POINT ( 'NONE', #1834 ) ;
#847 = ORIENTED_EDGE ( 'NONE', *, *, #903, .F. ) ;
#848 = FACE_OUTER_BOUND ( 'NONE', #1891, .T. ) ;
#849 = FACE_OUTER_BOUND ( 'NONE', #993, .T. ) ;
#850 = ORIENTED_EDGE ( 'NONE', *, *, #1616, .F. ) ;
#851 = ORIENTED_EDGE ( 'NONE', *, *, #1874, .T. ) ;
#852 = DIRECTION ( 'NONE',  ( 1.000000000000000000, -0.000000000000000000, -0.000000000000000000 ) ) ;
#853 = LINE ( 'NONE', #2246, #2183 ) ;
#854 = EDGE_CURVE ( 'NONE', #2108, #1600, #1646, .T. ) ;
#855 = ORIENTED_EDGE ( 'NONE', *, *, #1294, .T. ) ;
#856 = DIRECTION ( 'NONE',  ( -0.9961946980917455452, -0.08715574274765820750, 0.000000000000000000 ) ) ;
#857 = VERTEX_POINT ( 'NONE', #1691 ) ;
#858 = CARTESIAN_POINT ( 'NONE',  ( 1.400000000000000133, 0.000000000000000000, -1.200000000000000622 ) ) ;
#859 = ORIENTED_EDGE ( 'NONE', *, *, #805, .T. ) ;
#860 = EDGE_LOOP ( 'NONE', ( #2521, #643, #1779, #35, #930, #855, #626, #1880 ) ) ;
#861 = DIRECTION ( 'NONE',  ( -0.000000000000000000, -1.000000000000000000, -0.000000000000000000 ) ) ;
#862 = CARTESIAN_POINT ( 'NONE',  ( -2.110391136808100754, 2.700000000000000178, -0.005421480722350177292 ) ) ;
#863 = AXIS2_PLACEMENT_3D ( 'NONE', #2159, #170, #1953 ) ;
#864 = VECTOR ( 'NONE', #1069, 1000.000000000000000 ) ;
#865 = EDGE_LOOP ( 'NONE', ( #490, #786, #640, #989 ) ) ;
#866 = DIRECTION ( 'NONE',  ( 1.000000000000000000, -1.885568995626964287E-16, 0.000000000000000000 ) ) ;
#867 = FILL_AREA_STYLE ('',( #897 ) ) ;
#868 = CIRCLE ( 'NONE', #1924, 0.02000000000000005246 ) ;
#869 =( GEOMETRIC_REPRESENTATION_CONTEXT ( 3 ) GLOBAL_UNCERTAINTY_ASSIGNED_CONTEXT ( ( #2471 ) ) GLOBAL_UNIT_ASSIGNED_CONTEXT ( ( #338, #2112, #1133 ) ) REPRESENTATION_CONTEXT ( 'NONE', 'WORKASPACE' ) );
#870 = DIRECTION ( 'NONE',  ( 0.000000000000000000, 0.000000000000000000, 1.000000000000000000 ) ) ;
#871 = DIRECTION ( 'NONE',  ( 3.371629932616595944E-16, 0.000000000000000000, 1.000000000000000000 ) ) ;
#872 = CIRCLE ( 'NONE', #831, 0.1999999999999999833 ) ;
#873 = VERTEX_POINT ( 'NONE', #2081 ) ;
#874 = VECTOR ( 'NONE', #968, 1000.000000000000000 ) ;
#875 = LINE ( 'NONE', #477, #2184 ) ;
#876 = EDGE_LOOP ( 'NONE', ( #1988, #1428, #237, #1472 ) ) ;
#877 = ORIENTED_EDGE ( 'NONE', *, *, #292, .F. ) ;
#878 = CARTESIAN_POINT ( 'NONE',  ( -1.700000000000000178, 0.1299999999999999212, 3.084943324127921382 ) ) ;
#879 = FACE_OUTER_BOUND ( 'NONE', #19, .T. ) ;
#880 = DIRECTION ( 'NONE',  ( 1.445602896647339706E-15, -1.000000000000000000, 0.000000000000000000 ) ) ;
#881 = ORIENTED_EDGE ( 'NONE', *, *, #758, .T. ) ;
#882 = EDGE_CURVE ( 'NONE', #1856, #1770, #1478, .T. ) ;
#883 = ORIENTED_EDGE ( 'NONE', *, *, #2387, .T. ) ;
#884 = CARTESIAN_POINT ( 'NONE',  ( 2.850000000000000089, 0.1499999999999997446, 1.100000000000000311 ) ) ;
#885 = ORIENTED_EDGE ( 'NONE', *, *, #1419, .T. ) ;
#886 = ORIENTED_EDGE ( 'NONE', *, *, #822, .T. ) ;
#887 = VERTEX_POINT ( 'NONE', #1467 ) ;
#888 = EDGE_CURVE ( 'NONE', #646, #1766, #2281, .T. ) ;
#889 = ADVANCED_FACE ( 'NONE', ( #372 ), #780, .T. ) ;
#890 = EDGE_CURVE ( 'NONE', #1021, #1140, #1375, .T. ) ;
#891 = CARTESIAN_POINT ( 'NONE',  ( 2.850000000000000089, 1.350000000000000533, 3.084943324127921382 ) ) ;
#892 = EDGE_CURVE ( 'NONE', #2447, #2182, #385, .T. ) ;
#893 = CARTESIAN_POINT ( 'NONE',  ( 1.399999999999999911, 3.887817782917155629, 1.199999999999999289 ) ) ;
#894 = DIRECTION ( 'NONE',  ( 0.08682659386424762538, 0.9924325091389669673, -0.08682659386424762538 ) ) ;
#895 = EDGE_LOOP ( 'NONE', ( #2202, #1179, #42, #1247 ) ) ;
#896 = DIRECTION ( 'NONE',  ( 0.000000000000000000, 0.000000000000000000, -1.000000000000000000 ) ) ;
#897 = FILL_AREA_STYLE_COLOUR ( '', #2342 ) ;
#898 = ORIENTED_EDGE ( 'NONE', *, *, #833, .F. ) ;
#899 = UNCERTAINTY_MEASURE_WITH_UNIT (LENGTH_MEASURE( 1.000000000000000082E-05 ), #532, 'distance_accuracy_value', 'NONE');
#900 = LINE ( 'NONE', #1497, #1413 ) ;
#901 = LINE ( 'NONE', #693, #2516 ) ;
#902 = CARTESIAN_POINT ( 'NONE',  ( 2.550000000000000266, 1.500000000000000444, 1.100000000000000311 ) ) ;
#903 = EDGE_CURVE ( 'NONE', #309, #912, #744, .T. ) ;
#904 = VERTEX_POINT ( 'NONE', #1562 ) ;
#905 = LINE ( 'NONE', #1689, #828 ) ;
#906 = AXIS2_PLACEMENT_3D ( 'NONE', #1886, #2287, #1707 ) ;
#907 = CARTESIAN_POINT ( 'NONE',  ( -2.850000000000000089, 1.370000000000000551, 1.100000000000000089 ) ) ;
#908 = ADVANCED_FACE ( 'NONE', ( #157 ), #1623, .F. ) ;
#909 = ADVANCED_FACE ( 'NONE', ( #798 ), #813, .F. ) ;
#910 = EDGE_CURVE ( 'NONE', #554, #2554, #1995, .T. ) ;
#911 = AXIS2_PLACEMENT_3D ( 'NONE', #32, #184, #826 ) ;
#912 = VERTEX_POINT ( 'NONE', #2203 ) ;
#913 = CARTESIAN_POINT ( 'NONE',  ( -2.110391136808100754, 2.799999999999999822, -0.005421480722350177292 ) ) ;
#914 = AXIS2_PLACEMENT_3D ( 'NONE', #893, #494, #1100 ) ;
#915 = PRESENTATION_LAYER_ASSIGNMENT (  '', '', ( #2310 ) ) ;
#916 = CARTESIAN_POINT ( 'NONE',  ( 2.850000000000000089, 0.1499999999999997446, -1.100000000000000089 ) ) ;
#917 = DIRECTION ( 'NONE',  ( 0.000000000000000000, -1.000000000000000000, 0.000000000000000000 ) ) ;
#918 = AXIS2_PLACEMENT_3D ( 'NONE', #2292, #1693, #2268 ) ;
#919 = ORIENTED_EDGE ( 'NONE', *, *, #1314, .F. ) ;
#920 = EDGE_CURVE ( 'NONE', #471, #1567, #596, .T. ) ;
#921 = CARTESIAN_POINT ( 'NONE',  ( 2.850000000000000089, 1.499999999999999778, 1.600000000000000311 ) ) ;
#922 = ORIENTED_EDGE ( 'NONE', *, *, #1334, .T. ) ;
#923 = CARTESIAN_POINT ( 'NONE',  ( -2.280009069179260717, 2.799999999999999822, 0.000000000000000000 ) ) ;
#924 = DIRECTION ( 'NONE',  ( -0.000000000000000000, -1.000000000000000000, 0.000000000000000000 ) ) ;
#925 = DIRECTION ( 'NONE',  ( -0.000000000000000000, -0.000000000000000000, -1.000000000000000000 ) ) ;
#926 = EDGE_LOOP ( 'NONE', ( #1193, #1018, #1945, #1675 ) ) ;
#927 = ADVANCED_FACE ( 'NONE', ( #215 ), #1415, .F. ) ;
#928 = DIRECTION ( 'NONE',  ( 0.000000000000000000, -1.000000000000000000, 0.000000000000000000 ) ) ;
#929 = DIRECTION ( 'NONE',  ( 1.445602896647339508E-15, 1.000000000000000000, 0.000000000000000000 ) ) ;
#930 = ORIENTED_EDGE ( 'NONE', *, *, #14, .T. ) ;
#931 = DIRECTION ( 'NONE',  ( 0.000000000000000000, -0.000000000000000000, 1.000000000000000000 ) ) ;
#932 = DIRECTION ( 'NONE',  ( -1.000000000000000000, 0.000000000000000000, 0.000000000000000000 ) ) ;
#933 = DIRECTION ( 'NONE',  ( 3.371629932616595944E-16, 0.000000000000000000, 1.000000000000000000 ) ) ;
#934 = ORIENTED_EDGE ( 'NONE', *, *, #2550, .T. ) ;
#935 = DIRECTION ( 'NONE',  ( 1.548860246407863583E-16, -0.000000000000000000, 1.000000000000000000 ) ) ;
#936 = CARTESIAN_POINT ( 'NONE',  ( 2.850000000000000089, 1.499999999999999778, 1.600000000000000311 ) ) ;
#937 = DIRECTION ( 'NONE',  ( -0.000000000000000000, -0.000000000000000000, -1.000000000000000000 ) ) ;
#938 = AXIS2_PLACEMENT_3D ( 'NONE', #963, #1762, #1549 ) ;
#939 = ORIENTED_EDGE ( 'NONE', *, *, #949, .F. ) ;
#940 = CIRCLE ( 'NONE', #152, 0.1999999999999999833 ) ;
#941 = CARTESIAN_POINT ( 'NONE',  ( -2.110391136808100754, 2.700000000000000178, 0.005421480722350002952 ) ) ;
#942 = AXIS2_PLACEMENT_3D ( 'NONE', #1913, #1940, #172 ) ;
#943 = VERTEX_POINT ( 'NONE', #23 ) ;
#944 = AXIS2_PLACEMENT_3D ( 'NONE', #351, #2113, #2524 ) ;
#945 = CARTESIAN_POINT ( 'NONE',  ( -2.870000000000000107, 0.1499999999999997446, 1.100000000000000311 ) ) ;
#946 = CARTESIAN_POINT ( 'NONE',  ( 1.399999999999999911, 0.000000000000000000, 1.199999999999999289 ) ) ;
#947 = VECTOR ( 'NONE', #323, 1000.000000000000000 ) ;
#948 = ORIENTED_EDGE ( 'NONE', *, *, #255, .T. ) ;
#949 = EDGE_CURVE ( 'NONE', #1107, #540, #611, .T. ) ;
#950 = VECTOR ( 'NONE', #1680, 1000.000000000000000 ) ;
#951 = DIRECTION ( 'NONE',  ( 3.614007241618345813E-16, -1.000000000000000000, 0.000000000000000000 ) ) ;
#952 = LINE ( 'NONE', #763, #1970 ) ;
#953 = CARTESIAN_POINT ( 'NONE',  ( -1.700000000000000178, 0.000000000000000000, 3.084943324127921382 ) ) ;
#954 = VERTEX_POINT ( 'NONE', #1807 ) ;
#955 = CARTESIAN_POINT ( 'NONE',  ( -2.825875656313385775, 1.775742510107792826, -1.575875656313385109 ) ) ;
#956 = PLANE ( 'NONE',  #2058 ) ;
#957 = EDGE_CURVE ( 'NONE', #2418, #645, #36, .T. ) ;
#958 = EDGE_CURVE ( 'NONE', #1510, #507, #2490, .T. ) ;
#959 = CARTESIAN_POINT ( 'NONE',  ( -2.550000000000000266, 1.500000000000000444, 3.084943324127921382 ) ) ;
#960 = CARTESIAN_POINT ( 'NONE',  ( -2.236264737416298942, 2.799999999999999822, 0.1499999999999999389 ) ) ;
#961 = ADVANCED_FACE ( 'NONE', ( #716 ), #2291, .F. ) ;
#962 = ORIENTED_EDGE ( 'NONE', *, *, #890, .F. ) ;
#963 = CARTESIAN_POINT ( 'NONE',  ( -1.655335693077024883, 1.500000000000000666, -0.5000000000000002220 ) ) ;
#964 = ORIENTED_EDGE ( 'NONE', *, *, #1920, .T. ) ;
#965 = FACE_OUTER_BOUND ( 'NONE', #1335, .T. ) ;
#966 = CARTESIAN_POINT ( 'NONE',  ( -2.236264737416298942, 2.700000000000000178, -1.436264737416298454 ) ) ;
#967 = CARTESIAN_POINT ( 'NONE',  ( 2.550000000000000266, 1.370000000000000551, 1.100000000000000089 ) ) ;
#968 = DIRECTION ( 'NONE',  ( -1.000000000000000000, -1.445602896647339706E-15, 0.000000000000000000 ) ) ;
#969 = VERTEX_POINT ( 'NONE', #7 ) ;
#970 = DIRECTION ( 'NONE',  ( -1.000000000000000000, 0.000000000000000000, -9.035018104045871927E-17 ) ) ;
#971 = CARTESIAN_POINT ( 'NONE',  ( 2.550000000000000266, 1.370000000000000551, 3.084943324127921382 ) ) ;
#972 = ORIENTED_EDGE ( 'NONE', *, *, #166, .T. ) ;
#973 = DIRECTION ( 'NONE',  ( -0.000000000000000000, -0.000000000000000000, 1.000000000000000000 ) ) ;
#974 = DIRECTION ( 'NONE',  ( 0.08682659386424762538, 0.9924325091389669673, 0.08682659386424762538 ) ) ;
#975 = ORIENTED_EDGE ( 'NONE', *, *, #836, .T. ) ;
#976 = FACE_OUTER_BOUND ( 'NONE', #1824, .T. ) ;
#977 = CARTESIAN_POINT ( 'NONE',  ( -2.870000000000000107, 0.9000000000000006883, 0.4999999999999998890 ) ) ;
#978 = VECTOR ( 'NONE', #933, 1000.000000000000000 ) ;
#979 = ORIENTED_EDGE ( 'NONE', *, *, #1535, .T. ) ;
#980 = DIRECTION ( 'NONE',  ( -1.000000000000000000, -1.649872871173594090E-16, 0.000000000000000000 ) ) ;
#981 = MANIFOLD_SOLID_BREP ( 'Boss-Extrude3[2]', #322 ) ;
#982 = FACE_OUTER_BOUND ( 'NONE', #1776, .T. ) ;
#983 = ORIENTED_EDGE ( 'NONE', *, *, #310, .T. ) ;
#984 = EDGE_CURVE ( 'NONE', #873, #650, #2169, .T. ) ;
#985 = VECTOR ( 'NONE', #974, 1000.000000000000114 ) ;
#986 = LINE ( 'NONE', #5, #2339 ) ;
#987 = SURFACE_STYLE_USAGE ( .BOTH. , #44 ) ;
#988 = VECTOR ( 'NONE', #1439, 1000.000000000000000 ) ;
#989 = ORIENTED_EDGE ( 'NONE', *, *, #1555, .F. ) ;
#990 = CARTESIAN_POINT ( 'NONE',  ( -2.236264737416298942, 2.799999999999999822, -1.436264737416298454 ) ) ;
#991 = CARTESIAN_POINT ( 'NONE',  ( 3.000000000000000000, 0.1499999999999997446, 3.084943324127921382 ) ) ;
#992 = VECTOR ( 'NONE', #1745, 1000.000000000000000 ) ;
#993 = EDGE_LOOP ( 'NONE', ( #962, #972, #2235, #590 ) ) ;
#994 = DIRECTION ( 'NONE',  ( 0.000000000000000000, 1.000000000000000000, 0.000000000000000000 ) ) ;
#995 = AXIS2_PLACEMENT_3D ( 'NONE', #2166, #2138, #1169 ) ;
#996 = DIRECTION ( 'NONE',  ( 1.000000000000000000, -0.000000000000000000, -0.000000000000000000 ) ) ;
#997 = CARTESIAN_POINT ( 'NONE',  ( -2.850000000000000089, 1.499999999999999778, 1.100000000000000089 ) ) ;
#998 = ADVANCED_FACE ( 'NONE', ( #1599 ), #468, .F. ) ;
#999 = VECTOR ( 'NONE', #1967, 1000.000000000000000 ) ;
#1000 = ORIENTED_EDGE ( 'NONE', *, *, #1029, .F. ) ;
#1001 = LINE ( 'NONE', #967, #651 ) ;
#1002 = FACE_OUTER_BOUND ( 'NONE', #876, .T. ) ;
#1003 = ORIENTED_EDGE ( 'NONE', *, *, #1105, .T. ) ;
#1004 = PRESENTATION_LAYER_ASSIGNMENT (  '', '', ( #2104 ) ) ;
#1005 = DIRECTION ( 'NONE',  ( -0.000000000000000000, -0.000000000000000000, -1.000000000000000000 ) ) ;
#1006 = PLANE ( 'NONE',  #2307 ) ;
#1007 = MANIFOLD_SOLID_BREP ( 'Cut-Extrude2', #1358 ) ;
#1008 = ORIENTED_EDGE ( 'NONE', *, *, #1535, .F. ) ;
#1009 = FACE_OUTER_BOUND ( 'NONE', #437, .T. ) ;
#1010 = VERTEX_POINT ( 'NONE', #1260 ) ;
#1011 = ORIENTED_EDGE ( 'NONE', *, *, #312, .T. ) ;
#1012 = DIRECTION ( 'NONE',  ( 0.000000000000000000, 0.000000000000000000, 1.000000000000000000 ) ) ;
#1013 = CARTESIAN_POINT ( 'NONE',  ( 2.550000000000000266, 1.370000000000000551, 1.100000000000000311 ) ) ;
#1014 = LINE ( 'NONE', #1660, #38 ) ;
#1015 = EDGE_LOOP ( 'NONE', ( #220, #1482, #1694, #1541 ) ) ;
#1016 = LINE ( 'NONE', #2180, #2217 ) ;
#1017 = DIRECTION ( 'NONE',  ( -0.000000000000000000, -1.000000000000000000, 0.000000000000000000 ) ) ;
#1018 = ORIENTED_EDGE ( 'NONE', *, *, #635, .T. ) ;
#1019 = CARTESIAN_POINT ( 'NONE',  ( -2.110391136808100754, 2.799999999999999822, -0.005421480722350177292 ) ) ;
#1020 = FILL_AREA_STYLE_COLOUR ( '', #1038 ) ;
#1021 = VERTEX_POINT ( 'NONE', #1276 ) ;
#1022 = DIRECTION ( 'NONE',  ( -1.000000000000000000, 0.000000000000000000, 0.000000000000000000 ) ) ;
#1023 = PRODUCT_DEFINITION_SHAPE ( 'NONE', 'NONE',  #550 ) ;
#1024 = EDGE_CURVE ( 'NONE', #2382, #89, #1103, .T. ) ;
#1025 = DIRECTION ( 'NONE',  ( 0.000000000000000000, 1.000000000000000000, 0.000000000000000000 ) ) ;
#1026 = FACE_OUTER_BOUND ( 'NONE', #45, .T. ) ;
#1027 = DIRECTION ( 'NONE',  ( -1.000000000000000000, -1.649872871173593843E-16, 0.000000000000000000 ) ) ;
#1028 = CARTESIAN_POINT ( 'NONE',  ( -1.984517536199903009, 2.700000000000000178, -1.436264737416298676 ) ) ;
#1029 = EDGE_CURVE ( 'NONE', #1979, #1489, #1881, .T. ) ;
#1030 = DIRECTION ( 'NONE',  ( -0.000000000000000000, -0.000000000000000000, -1.000000000000000000 ) ) ;
#1031 =( NAMED_UNIT ( * ) SI_UNIT ( $, .STERADIAN. ) SOLID_ANGLE_UNIT ( ) );
#1032 = ORIENTED_EDGE ( 'NONE', *, *, #1620, .F. ) ;
#1033 = VECTOR ( 'NONE', #816, 1000.000000000000000 ) ;
#1034 = CARTESIAN_POINT ( 'NONE',  ( -2.850000000000000089, 1.350000000000000533, 1.100000000000000089 ) ) ;
#1035 = PRESENTATION_LAYER_ASSIGNMENT (  '', '', ( #2221 ) ) ;
#1036 = EDGE_CURVE ( 'NONE', #2284, #280, #905, .T. ) ;
#1037 = EDGE_LOOP ( 'NONE', ( #459, #279, #1371, #347 ) ) ;
#1038 = COLOUR_RGB ( '',1.000000000000000000, 1.000000000000000000, 0.000000000000000000 ) ;
#1039 = AXIS2_PLACEMENT_3D ( 'NONE', #538, #2109, #2313 ) ;
#1040 = MANIFOLD_SOLID_BREP ( 'Boss-Extrude4[2]', #404 ) ;
#1041 = FACE_OUTER_BOUND ( 'NONE', #2011, .T. ) ;
#1042 = DIRECTION ( 'NONE',  ( -7.228014483236706416E-16, 1.000000000000000000, -1.807003620809176604E-16 ) ) ;
#1043 = AXIS2_PLACEMENT_3D ( 'NONE', #1321, #2083, #2282 ) ;
#1044 = CARTESIAN_POINT ( 'NONE',  ( 1.399999999999999911, 0.000000000000000000, 1.199999999999999289 ) ) ;
#1045 = EDGE_CURVE ( 'NONE', #1216, #482, #1719, .T. ) ;
#1046 = EDGE_CURVE ( 'NONE', #1460, #2304, #688, .T. ) ;
#1047 = EDGE_LOOP ( 'NONE', ( #1162, #1911, #368, #59 ) ) ;
#1048 = CARTESIAN_POINT ( 'NONE',  ( -2.838626473741630463, 1.370000000000000551, -0.5000000000000002220 ) ) ;
#1049 = CARTESIAN_POINT ( 'NONE',  ( -2.999999999999999556, 1.350000000000000533, 3.084943324127921382 ) ) ;
#1050 = EDGE_CURVE ( 'NONE', #1510, #873, #1203, .T. ) ;
#1051 = ORIENTED_EDGE ( 'NONE', *, *, #230, .T. ) ;
#1052 = DIRECTION ( 'NONE',  ( 0.7071067811865475727, 0.7071067811865475727, 0.000000000000000000 ) ) ;
#1053 = ORIENTED_EDGE ( 'NONE', *, *, #1261, .T. ) ;
#1054 = VERTEX_POINT ( 'NONE', #2496 ) ;
#1055 = CARTESIAN_POINT ( 'NONE',  ( -2.850000000000000089, 0.1499999999999997446, 3.084943324127921382 ) ) ;
#1056 = DIRECTION ( 'NONE',  ( -1.000000000000000000, 0.000000000000000000, -1.119518429354559146E-31 ) ) ;
#1057 = DIRECTION ( 'NONE',  ( -0.000000000000000000, 1.000000000000000000, -0.000000000000000000 ) ) ;
#1058 = ORIENTED_EDGE ( 'NONE', *, *, #2355, .T. ) ;
#1059 = ORIENTED_EDGE ( 'NONE', *, *, #2170, .T. ) ;
#1060 = CARTESIAN_POINT ( 'NONE',  ( -1.984517536199903009, 2.700000000000000178, -1.436264737416298676 ) ) ;
#1061 = CARTESIAN_POINT ( 'NONE',  ( -1.700000000000000178, 0.1299999999999999212, -1.100000000000000089 ) ) ;
#1062 = DIRECTION ( 'NONE',  ( -0.000000000000000000, -0.000000000000000000, 1.000000000000000000 ) ) ;
#1063 = VECTOR ( 'NONE', #364, 1000.000000000000000 ) ;
#1064 = EDGE_LOOP ( 'NONE', ( #248, #2046, #478, #1571 ) ) ;
#1065 = DIRECTION ( 'NONE',  ( -0.000000000000000000, -0.000000000000000000, -1.000000000000000000 ) ) ;
#1066 = EDGE_CURVE ( 'NONE', #1165, #587, #699, .T. ) ;
#1067 = VECTOR ( 'NONE', #542, 1000.000000000000000 ) ;
#1068 = ORIENTED_EDGE ( 'NONE', *, *, #1151, .F. ) ;
#1069 = DIRECTION ( 'NONE',  ( -1.000000000000000000, -6.195440985631446443E-16, -0.000000000000000000 ) ) ;
#1070 = PLANE ( 'NONE',  #1929 ) ;
#1071 = VECTOR ( 'NONE', #1138, 1000.000000000000000 ) ;
#1072 = EDGE_LOOP ( 'NONE', ( #1109, #2042, #1873, #2071, #1224, #1703, #1793, #227 ) ) ;
#1073 = CIRCLE ( 'NONE', #198, 0.1999999999999999833 ) ;
#1074 = ORIENTED_EDGE ( 'NONE', *, *, #1639, .T. ) ;
#1075 = AXIS2_PLACEMENT_3D ( 'NONE', #133, #929, #2454 ) ;
#1076 = EDGE_CURVE ( 'NONE', #2399, #2098, #79, .T. ) ;
#1077 = EDGE_CURVE ( 'NONE', #824, #1449, #1906, .T. ) ;
#1078 = VECTOR ( 'NONE', #2067, 1000.000000000000000 ) ;
#1079 = FACE_OUTER_BOUND ( 'NONE', #860, .T. ) ;
#1080 = ADVANCED_FACE ( 'NONE', ( #320 ), #1702, .F. ) ;
#1081 = CARTESIAN_POINT ( 'NONE',  ( -2.236264737416298942, 2.700000000000000178, -0.1500000000000000500 ) ) ;
#1082 = VECTOR ( 'NONE', #1278, 1000.000000000000000 ) ;
#1083 = ORIENTED_EDGE ( 'NONE', *, *, #888, .F. ) ;
#1084 = ORIENTED_EDGE ( 'NONE', *, *, #1182, .F. ) ;
#1085 = CIRCLE ( 'NONE', #1416, 0.02000000000000005246 ) ;
#1086 = CARTESIAN_POINT ( 'NONE',  ( -2.850000000000000089, 1.350000000000000533, 3.084943324127921382 ) ) ;
#1087 = VERTEX_POINT ( 'NONE', #1512 ) ;
#1088 = AXIS2_PLACEMENT_3D ( 'NONE', #1486, #1226, #1282 ) ;
#1089 = ORIENTED_EDGE ( 'NONE', *, *, #806, .T. ) ;
#1090 = CARTESIAN_POINT ( 'NONE',  ( -2.110391136808100754, 2.700000000000000178, 0.005421480722350002952 ) ) ;
#1091 = CARTESIAN_POINT ( 'NONE',  ( -2.236264737416298498, 2.799999999999999822, 1.436264737416298454 ) ) ;
#1092 = CARTESIAN_POINT ( 'NONE',  ( -2.550000000000000266, 1.500000000000000444, 3.084943324127921382 ) ) ;
#1093 = VERTEX_POINT ( 'NONE', #2293 ) ;
#1094 = DIRECTION ( 'NONE',  ( 0.000000000000000000, -0.000000000000000000, -1.000000000000000000 ) ) ;
#1095 = EDGE_LOOP ( 'NONE', ( #1866, #765, #2150, #1744, #53, #1323, #1783 ) ) ;
#1096 = ADVANCED_FACE ( 'NONE', ( #519 ), #1322, .F. ) ;
#1097 = LINE ( 'NONE', #489, #781 ) ;
#1098 = ADVANCED_FACE ( 'NONE', ( #1653 ), #1999, .F. ) ;
#1099 = ORIENTED_EDGE ( 'NONE', *, *, #2367, .T. ) ;
#1100 = DIRECTION ( 'NONE',  ( -1.000000000000000000, 0.000000000000000000, 1.548860246407863583E-16 ) ) ;
#1101 = DIRECTION ( 'NONE',  ( 0.7057575568079518247, 0.7057575568079518247, 0.06174578541844912005 ) ) ;
#1102 = VERTEX_POINT ( 'NONE', #1619 ) ;
#1103 = LINE ( 'NONE', #2035, #1892 ) ;
#1104 = EDGE_CURVE ( 'NONE', #1184, #1580, #239, .T. ) ;
#1105 = EDGE_CURVE ( 'NONE', #22, #1405, #1728, .T. ) ;
#1106 = CARTESIAN_POINT ( 'NONE',  ( -2.236264737416298942, 2.799999999999999822, 0.1499999999999999944 ) ) ;
#1107 = VERTEX_POINT ( 'NONE', #990 ) ;
#1108 = CARTESIAN_POINT ( 'NONE',  ( -1.984517536199903009, 2.799999999999999822, 0.1499999999999999389 ) ) ;
#1109 = ORIENTED_EDGE ( 'NONE', *, *, #1357, .F. ) ;
#1110 = PLANE ( 'NONE',  #906 ) ;
#1111 = DIRECTION ( 'NONE',  ( -0.000000000000000000, -0.000000000000000000, -1.000000000000000000 ) ) ;
#1112 = PLANE ( 'NONE',  #1329 ) ;
#1113 = EDGE_CURVE ( 'NONE', #89, #1010, #638, .T. ) ;
#1114 = VERTEX_POINT ( 'NONE', #1804 ) ;
#1115 = CIRCLE ( 'NONE', #34, 0.1499999999999995226 ) ;
#1116 = VECTOR ( 'NONE', #15, 1000.000000000000000 ) ;
#1117 = CARTESIAN_POINT ( 'NONE',  ( -2.550000000000000266, 1.500000000000000444, -1.100000000000000089 ) ) ;
#1118 = AXIS2_PLACEMENT_3D ( 'NONE', #2400, #2374, #1592 ) ;
#1119 = EDGE_LOOP ( 'NONE', ( #666, #829, #2218, #479 ) ) ;
#1120 = DIRECTION ( 'NONE',  ( 0.000000000000000000, 0.000000000000000000, -1.000000000000000000 ) ) ;
#1121 = VECTOR ( 'NONE', #1134, 1000.000000000000000 ) ;
#1122 = EDGE_LOOP ( 'NONE', ( #234, #2207, #742, #2421 ) ) ;
#1123 = LINE ( 'NONE', #1900, #156 ) ;
#1124 =( NAMED_UNIT ( * ) SI_UNIT ( $, .STERADIAN. ) SOLID_ANGLE_UNIT ( ) );
#1125 = EDGE_CURVE ( 'NONE', #2407, #1102, #244, .T. ) ;
#1126 = VECTOR ( 'NONE', #686, 1000.000000000000000 ) ;
#1127 = ORIENTED_EDGE ( 'NONE', *, *, #270, .F. ) ;
#1128 = DIRECTION ( 'NONE',  ( -0.000000000000000000, -1.000000000000000000, -0.000000000000000000 ) ) ;
#1129 = DIRECTION ( 'NONE',  ( 0.000000000000000000, 0.000000000000000000, 1.000000000000000000 ) ) ;
#1130 = EDGE_LOOP ( 'NONE', ( #397, #126, #8, #1477 ) ) ;
#1131 = CARTESIAN_POINT ( 'NONE',  ( -1.984517536199902565, 2.700000000000000178, 1.436264737416298232 ) ) ;
#1132 = VERTEX_POINT ( 'NONE', #2158 ) ;
#1133 =( NAMED_UNIT ( * ) SI_UNIT ( $, .STERADIAN. ) SOLID_ANGLE_UNIT ( ) );
#1134 = DIRECTION ( 'NONE',  ( -0.000000000000000000, 2.168404344971008868E-16, 1.000000000000000000 ) ) ;
#1135 = FILL_AREA_STYLE ('',( #340 ) ) ;
#1136 = ORIENTED_EDGE ( 'NONE', *, *, #1419, .F. ) ;
#1137 = CARTESIAN_POINT ( 'NONE',  ( 2.870000000000000107, 1.350000000000000533, -1.100000000000000089 ) ) ;
#1138 = DIRECTION ( 'NONE',  ( -0.000000000000000000, -0.000000000000000000, -1.000000000000000000 ) ) ;
#1139 = PLANE ( 'NONE',  #331 ) ;
#1140 = VERTEX_POINT ( 'NONE', #20 ) ;
#1141 = LINE ( 'NONE', #311, #947 ) ;
#1142 = ADVANCED_FACE ( 'NONE', ( #1440 ), #1822, .F. ) ;
#1143 = CARTESIAN_POINT ( 'NONE',  ( -2.870000000000000107, 0.1499999999999997446, -1.100000000000000089 ) ) ;
#1144 = CYLINDRICAL_SURFACE ( 'NONE', #1515, 0.1999999999999999833 ) ;
#1145 = ORIENTED_EDGE ( 'NONE', *, *, #1620, .T. ) ;
#1146 = VECTOR ( 'NONE', #2143, 1000.000000000000000 ) ;
#1147 = LINE ( 'NONE', #1386, #985 ) ;
#1148 = LINE ( 'NONE', #1581, #1071 ) ;
#1149 = DIRECTION ( 'NONE',  ( 0.000000000000000000, -0.000000000000000000, 1.000000000000000000 ) ) ;
#1150 = ADVANCED_FACE ( 'NONE', ( #1009 ), #2358, .F. ) ;
#1151 = EDGE_CURVE ( 'NONE', #1852, #1649, #843, .T. ) ;
#1152 = AXIS2_PLACEMENT_3D ( 'NONE', #1768, #1198, #400 ) ;
#1153 = EDGE_CURVE ( 'NONE', #2527, #954, #1206, .T. ) ;
#1154 = CARTESIAN_POINT ( 'NONE',  ( -1.700000000000000178, 0.000000000000000000, 1.100000000000000311 ) ) ;
#1155 = EDGE_CURVE ( 'NONE', #2294, #696, #776, .T. ) ;
#1156 = DIRECTION ( 'NONE',  ( -0.000000000000000000, -0.000000000000000000, -1.000000000000000000 ) ) ;
#1157 = ORIENTED_EDGE ( 'NONE', *, *, #683, .F. ) ;
#1158 = VECTOR ( 'NONE', #332, 1000.000000000000000 ) ;
#1159 = AXIS2_PLACEMENT_3D ( 'NONE', #2552, #1613, #1229 ) ;
#1160 = FACE_OUTER_BOUND ( 'NONE', #183, .T. ) ;
#1161 = AXIS2_PLACEMENT_3D ( 'NONE', #147, #1304, #690 ) ;
#1162 = ORIENTED_EDGE ( 'NONE', *, *, #882, .F. ) ;
#1163 = AXIS2_PLACEMENT_3D ( 'NONE', #629, #474, #2205 ) ;
#1164 = PLANE ( 'NONE',  #1610 ) ;
#1165 = VERTEX_POINT ( 'NONE', #623 ) ;
#1166 = DIRECTION ( 'NONE',  ( 0.000000000000000000, 0.000000000000000000, 1.000000000000000000 ) ) ;
#1167 = DIRECTION ( 'NONE',  ( 1.000000000000000000, 0.000000000000000000, -8.613419869192900503E-16 ) ) ;
#1168 = CARTESIAN_POINT ( 'NONE',  ( 2.550000000000000266, 1.370000000000000551, -1.100000000000000089 ) ) ;
#1169 = DIRECTION ( 'NONE',  ( -1.000000000000000000, 0.000000000000000000, 8.613419869192900503E-16 ) ) ;
#1170 = EDGE_CURVE ( 'NONE', #824, #803, #1425, .T. ) ;
#1171 = LINE ( 'NONE', #1948, #2258 ) ;
#1172 = CARTESIAN_POINT ( 'NONE',  ( -2.850000000000000089, 1.350000000000000533, 1.100000000000000089 ) ) ;
#1173 = LINE ( 'NONE', #2301, #1063 ) ;
#1174 = STYLED_ITEM ( 'NONE', ( #1220 ), #450 ) ;
#1175 = EDGE_LOOP ( 'NONE', ( #1384, #2038, #1254, #2270 ) ) ;
#1176 = DIRECTION ( 'NONE',  ( 0.000000000000000000, 0.000000000000000000, 1.000000000000000000 ) ) ;
#1177 = CARTESIAN_POINT ( 'NONE',  ( -2.736264737416298942, 0.2000000000000000944, -1.486264737416298276 ) ) ;
#1178 = ADVANCED_FACE ( 'NONE', ( #1952 ), #1777, .F. ) ;
#1179 = ORIENTED_EDGE ( 'NONE', *, *, #1113, .T. ) ;
#1180 = CARTESIAN_POINT ( 'NONE',  ( -2.236264737416298942, 2.700000000000000178, 0.1499999999999999944 ) ) ;
#1181 = CARTESIAN_POINT ( 'NONE',  ( -1.984517536199903009, 2.799999999999999822, -1.436264737416298676 ) ) ;
#1182 = EDGE_CURVE ( 'NONE', #887, #2223, #395, .T. ) ;
#1183 = DIRECTION ( 'NONE',  ( 0.000000000000000000, -1.000000000000000000, -0.000000000000000000 ) ) ;
#1184 = VERTEX_POINT ( 'NONE', #795 ) ;
#1185 = DIRECTION ( 'NONE',  ( 1.000000000000000000, 0.000000000000000000, 0.000000000000000000 ) ) ;
#1186 = CARTESIAN_POINT ( 'NONE',  ( -2.550000000000000266, 1.500000000000000444, -1.100000000000000089 ) ) ;
#1187 = ORIENTED_EDGE ( 'NONE', *, *, #60, .F. ) ;
#1188 = CARTESIAN_POINT ( 'NONE',  ( 2.850000000000000089, 1.499999999999999778, 1.100000000000000311 ) ) ;
#1189 = EDGE_CURVE ( 'NONE', #803, #709, #420, .T. ) ;
#1190 = ORIENTED_EDGE ( 'NONE', *, *, #270, .T. ) ;
#1191 = CARTESIAN_POINT ( 'NONE',  ( -2.236264737416298942, 2.700000000000000178, -1.436264737416298454 ) ) ;
#1192 = CARTESIAN_POINT ( 'NONE',  ( -1.655335693077024883, 1.500000000000000666, 0.4999999999999997780 ) ) ;
#1193 = ORIENTED_EDGE ( 'NONE', *, *, #1634, .F. ) ;
#1194 = DIRECTION ( 'NONE',  ( -8.613419869192900503E-16, 0.000000000000000000, -1.000000000000000000 ) ) ;
#1195 = CARTESIAN_POINT ( 'NONE',  ( 0.000000000000000000, 0.2000000000000000944, 0.000000000000000000 ) ) ;
#1196 = EDGE_LOOP ( 'NONE', ( #2144, #964, #1629, #1711, #186, #1410, #1559, #349, #700, #2199, #662, #1231 ) ) ;
#1197 = VERTEX_POINT ( 'NONE', #196 ) ;
#1198 = DIRECTION ( 'NONE',  ( 1.885568995626964287E-16, 1.000000000000000000, -0.000000000000000000 ) ) ;
#1199 = CARTESIAN_POINT ( 'NONE',  ( 2.550000000000000266, 1.500000000000000444, 1.100000000000000311 ) ) ;
#1200 = ORIENTED_EDGE ( 'NONE', *, *, #710, .T. ) ;
#1201 = VECTOR ( 'NONE', #136, 1000.000000000000000 ) ;
#1202 = LINE ( 'NONE', #1423, #1207 ) ;
#1203 = CIRCLE ( 'NONE', #1246, 0.1499999999999995226 ) ;
#1204 = VECTOR ( 'NONE', #1326, 1000.000000000000000 ) ;
#1205 = VERTEX_POINT ( 'NONE', #407 ) ;
#1206 = LINE ( 'NONE', #225, #656 ) ;
#1207 = VECTOR ( 'NONE', #403, 1000.000000000000000 ) ;
#1208 = ORIENTED_EDGE ( 'NONE', *, *, #1480, .T. ) ;
#1209 = CARTESIAN_POINT ( 'NONE',  ( -2.838626473741630019, 1.370000000000000551, 3.084943324127921382 ) ) ;
#1210 = CIRCLE ( 'NONE', #1289, 0.1999999999999999833 ) ;
#1211 = DIRECTION ( 'NONE',  ( -0.000000000000000000, -0.000000000000000000, -1.000000000000000000 ) ) ;
#1212 = AXIS2_PLACEMENT_3D ( 'NONE', #1888, #2452, #613 ) ;
#1213 = VERTEX_POINT ( 'NONE', #2372 ) ;
#1214 = CARTESIAN_POINT ( 'NONE',  ( -2.999999999999999556, 1.350000000000000533, -1.100000000000000089 ) ) ;
#1215 = FACE_BOUND ( 'NONE', #383, .T. ) ;
#1216 = VERTEX_POINT ( 'NONE', #594 ) ;
#1217 = DIRECTION ( 'NONE',  ( -1.000000000000000000, 0.000000000000000000, 0.000000000000000000 ) ) ;
#1218 = CARTESIAN_POINT ( 'NONE',  ( -3.000000000000000888, 1.350000000000000533, -0.5000000000000002220 ) ) ;
#1219 = EDGE_CURVE ( 'NONE', #1087, #2449, #1398, .T. ) ;
#1220 = PRESENTATION_STYLE_ASSIGNMENT (( #181 ) ) ;
#1221 = ORIENTED_EDGE ( 'NONE', *, *, #1684, .T. ) ;
#1222 = LINE ( 'NONE', #1993, #1617 ) ;
#1223 = ORIENTED_EDGE ( 'NONE', *, *, #1341, .F. ) ;
#1224 = ORIENTED_EDGE ( 'NONE', *, *, #2251, .F. ) ;
#1225 = CARTESIAN_POINT ( 'NONE',  ( -2.236264737416298942, 2.799999999999999822, -0.1500000000000000500 ) ) ;
#1226 = DIRECTION ( 'NONE',  ( 0.000000000000000000, -1.000000000000000000, 0.000000000000000000 ) ) ;
#1227 = CARTESIAN_POINT ( 'NONE',  ( -2.840925182390864112, 1.396274360089549971, -0.5000000000000002220 ) ) ;
#1228 = LINE ( 'NONE', #1028, #1487 ) ;
#1229 = DIRECTION ( 'NONE',  ( 1.000000000000000000, 0.000000000000000000, -8.613419869192900503E-16 ) ) ;
#1230 = EDGE_CURVE ( 'NONE', #204, #1732, #1222, .T. ) ;
#1231 = ORIENTED_EDGE ( 'NONE', *, *, #304, .T. ) ;
#1232 = CARTESIAN_POINT ( 'NONE',  ( -2.236264737416298942, 2.700000000000000178, -0.1500000000000000500 ) ) ;
#1233 = ORIENTED_EDGE ( 'NONE', *, *, #1603, .F. ) ;
#1234 = ADVANCED_FACE ( 'NONE', ( #1485 ), #2476, .T. ) ;
#1235 = DIRECTION ( 'NONE',  ( 0.000000000000000000, -0.000000000000000000, -1.000000000000000000 ) ) ;
#1236 = DIRECTION ( 'NONE',  ( 0.000000000000000000, 0.000000000000000000, 1.000000000000000000 ) ) ;
#1237 = EDGE_LOOP ( 'NONE', ( #1272, #199, #461, #2, #299 ) ) ;
#1238 = EDGE_CURVE ( 'NONE', #2082, #439, #2054, .T. ) ;
#1239 = CARTESIAN_POINT ( 'NONE',  ( -2.550000000000000266, 1.370000000000000551, 1.100000000000000089 ) ) ;
#1240 = DIRECTION ( 'NONE',  ( -1.000000000000000000, 0.000000000000000000, 0.000000000000000000 ) ) ;
#1241 = CLOSED_SHELL ( 'NONE', ( #2051, #117, #344, #1270, #1903, #2320 ) ) ;
#1242 = ORIENTED_EDGE ( 'NONE', *, *, #501, .T. ) ;
#1243 = LINE ( 'NONE', #350, #1201 ) ;
#1244 = VECTOR ( 'NONE', #493, 1000.000000000000000 ) ;
#1245 = PLANE ( 'NONE',  #914 ) ;
#1246 = AXIS2_PLACEMENT_3D ( 'NONE', #128, #1337, #539 ) ;
#1247 = ORIENTED_EDGE ( 'NONE', *, *, #635, .F. ) ;
#1248 = VECTOR ( 'NONE', #1917, 1000.000000000000000 ) ;
#1249 = CARTESIAN_POINT ( 'NONE',  ( 2.850000000000000089, 1.370000000000000551, 1.100000000000000311 ) ) ;
#1250 = ORIENTED_EDGE ( 'NONE', *, *, #609, .T. ) ;
#1251 = VECTOR ( 'NONE', #298, 1000.000000000000000 ) ;
#1252 = ORIENTED_EDGE ( 'NONE', *, *, #1314, .T. ) ;
#1253 = DIRECTION ( 'NONE',  ( 0.000000000000000000, 1.000000000000000000, 0.000000000000000000 ) ) ;
#1254 = ORIENTED_EDGE ( 'NONE', *, *, #1238, .F. ) ;
#1255 = ADVANCED_FACE ( 'NONE', ( #879 ), #303, .F. ) ;
#1256 = ORIENTED_EDGE ( 'NONE', *, *, #1555, .T. ) ;
#1257 = LINE ( 'NONE', #2032, #1078 ) ;
#1258 = ORIENTED_EDGE ( 'NONE', *, *, #680, .F. ) ;
#1259 = EDGE_LOOP ( 'NONE', ( #1641, #2340, #134, #898 ) ) ;
#1260 = CARTESIAN_POINT ( 'NONE',  ( 2.850000000000000089, -2.168404344971008868E-16, -1.100000000000000089 ) ) ;
#1261 = EDGE_CURVE ( 'NONE', #1165, #204, #901, .T. ) ;
#1262 = ADVANCED_FACE ( 'NONE', ( #1464 ), #1070, .F. ) ;
#1263 = DIRECTION ( 'NONE',  ( 0.08715574274765820750, -0.9961946980917455452, 0.000000000000000000 ) ) ;
#1264 = LINE ( 'NONE', #642, #521 ) ;
#1265 = EDGE_LOOP ( 'NONE', ( #1285, #1637, #2171, #1187 ) ) ;
#1266 = DIRECTION ( 'NONE',  ( -1.000000000000000000, -1.445602896647339706E-15, 0.000000000000000000 ) ) ;
#1267 = ORIENTED_EDGE ( 'NONE', *, *, #1313, .T. ) ;
#1268 = ORIENTED_EDGE ( 'NONE', *, *, #1877, .F. ) ;
#1269 = CARTESIAN_POINT ( 'NONE',  ( -2.110391136808100754, 2.700000000000000178, 0.005421480722350002952 ) ) ;
#1270 = ADVANCED_FACE ( 'NONE', ( #2436 ), #1854, .T. ) ;
#1271 = ORIENTED_EDGE ( 'NONE', *, *, #1427, .T. ) ;
#1272 = ORIENTED_EDGE ( 'NONE', *, *, #2330, .F. ) ;
#1273 = EDGE_CURVE ( 'NONE', #11, #52, #872, .T. ) ;
#1274 = EDGE_CURVE ( 'NONE', #1114, #2284, #612, .T. ) ;
#1275 = FACE_OUTER_BOUND ( 'NONE', #1237, .T. ) ;
#1276 = CARTESIAN_POINT ( 'NONE',  ( -2.850000000000000089, 1.370000000000000551, -0.5000000000000004441 ) ) ;
#1277 = CARTESIAN_POINT ( 'NONE',  ( 2.850000000000000089, 1.499999999999999778, -1.099999999999999867 ) ) ;
#1278 = DIRECTION ( 'NONE',  ( 0.000000000000000000, -1.000000000000000000, 0.000000000000000000 ) ) ;
#1279 = VECTOR ( 'NONE', #326, 1000.000000000000000 ) ;
#1280 = ORIENTED_EDGE ( 'NONE', *, *, #77, .T. ) ;
#1281 = CARTESIAN_POINT ( 'NONE',  ( -2.850000000000000089, 1.350000000000000533, -1.100000000000000089 ) ) ;
#1282 = DIRECTION ( 'NONE',  ( 0.000000000000000000, -0.000000000000000000, -1.000000000000000000 ) ) ;
#1283 = VECTOR ( 'NONE', #1042, 1000.000000000000000 ) ;
#1284 = VECTOR ( 'NONE', #1378, 1000.000000000000000 ) ;
#1285 = ORIENTED_EDGE ( 'NONE', *, *, #1273, .T. ) ;
#1286 = ADVANCED_FACE ( 'NONE', ( #278 ), #1245, .F. ) ;
#1287 = AXIS2_PLACEMENT_3D ( 'NONE', #2497, #1697, #754 ) ;
#1288 = DIRECTION ( 'NONE',  ( 0.000000000000000000, -1.000000000000000000, 0.000000000000000000 ) ) ;
#1289 = AXIS2_PLACEMENT_3D ( 'NONE', #1785, #1017, #2348 ) ;
#1290 = ORIENTED_EDGE ( 'NONE', *, *, #1875, .F. ) ;
#1291 = UNCERTAINTY_MEASURE_WITH_UNIT (LENGTH_MEASURE( 1.000000000000000082E-05 ), #1301, 'distance_accuracy_value', 'NONE');
#1292 = AXIS2_PLACEMENT_3D ( 'NONE', #1195, #2543, #1149 ) ;
#1293 = DIRECTION ( 'NONE',  ( -0.000000000000000000, -0.000000000000000000, -1.000000000000000000 ) ) ;
#1294 = EDGE_CURVE ( 'NONE', #1412, #904, #1683, .T. ) ;
#1295 = EDGE_LOOP ( 'NONE', ( #423, #2077, #71, #584 ) ) ;
#1296 = LINE ( 'NONE', #2066, #988 ) ;
#1297 = EDGE_CURVE ( 'NONE', #2554, #1635, #1878, .T. ) ;
#1298 = DIRECTION ( 'NONE',  ( 0.000000000000000000, 2.168404344971008868E-16, 1.000000000000000000 ) ) ;
#1299 = DIRECTION ( 'NONE',  ( -0.000000000000000000, 0.000000000000000000, -1.000000000000000000 ) ) ;
#1300 = EDGE_LOOP ( 'NONE', ( #1500, #412, #99, #1935 ) ) ;
#1301 =( LENGTH_UNIT ( ) NAMED_UNIT ( * ) SI_UNIT ( .MILLI., .METRE. ) );
#1302 = FACE_OUTER_BOUND ( 'NONE', #1072, .T. ) ;
#1303 = ORIENTED_EDGE ( 'NONE', *, *, #758, .F. ) ;
#1304 = DIRECTION ( 'NONE',  ( 1.000000000000000000, 0.000000000000000000, -0.000000000000000000 ) ) ;
#1305 = ORIENTED_EDGE ( 'NONE', *, *, #1975, .F. ) ;
#1306 = LINE ( 'NONE', #325, #1455 ) ;
#1307 = CARTESIAN_POINT ( 'NONE',  ( -2.870000000000000107, 1.350000000000000533, -0.5000000000000004441 ) ) ;
#1308 = EDGE_LOOP ( 'NONE', ( #1602, #1907, #2026, #1450 ) ) ;
#1309 = DIRECTION ( 'NONE',  ( 1.000000000000000000, -1.445602896647339706E-15, 0.000000000000000000 ) ) ;
#1310 = DIRECTION ( 'NONE',  ( 3.614007241618345813E-16, 1.000000000000000000, 0.000000000000000000 ) ) ;
#1311 = DIRECTION ( 'NONE',  ( -0.000000000000000000, 1.000000000000000000, -0.000000000000000000 ) ) ;
#1312 = ORIENTED_EDGE ( 'NONE', *, *, #805, .F. ) ;
#1313 = EDGE_CURVE ( 'NONE', #394, #2294, #853, .T. ) ;
#1314 = EDGE_CURVE ( 'NONE', #1205, #507, #778, .T. ) ;
#1315 = DIRECTION ( 'NONE',  ( 1.000000000000000000, 0.000000000000000000, -3.371629932616596930E-16 ) ) ;
#1316 = CARTESIAN_POINT ( 'NONE',  ( 2.850000000000000089, 1.350000000000000533, -1.100000000000000089 ) ) ;
#1317 = DIRECTION ( 'NONE',  ( -0.000000000000000000, -0.000000000000000000, -1.000000000000000000 ) ) ;
#1318 = APPLICATION_PROTOCOL_DEFINITION ( 'draft international standard', 'automotive_design', 1998, #1843 ) ;
#1319 = ORIENTED_EDGE ( 'NONE', *, *, #957, .T. ) ;
#1320 = VECTOR ( 'NONE', #2259, 1000.000000000000000 ) ;
#1321 = CARTESIAN_POINT ( 'NONE',  ( 2.850000000000000089, 1.350000000000000533, 1.100000000000000089 ) ) ;
#1322 = PLANE ( 'NONE',  #1075 ) ;
#1323 = ORIENTED_EDGE ( 'NONE', *, *, #2072, .T. ) ;
#1324 = PLANE ( 'NONE',  #2020 ) ;
#1325 = VECTOR ( 'NONE', #2509, 1000.000000000000114 ) ;
#1326 = DIRECTION ( 'NONE',  ( 0.000000000000000000, 1.000000000000000000, 0.000000000000000000 ) ) ;
#1327 = CIRCLE ( 'NONE', #2517, 0.02000000000000005246 ) ;
#1328 = FACE_OUTER_BOUND ( 'NONE', #2559, .T. ) ;
#1329 = AXIS2_PLACEMENT_3D ( 'NONE', #2248, #1299, #98 ) ;
#1330 = ORIENTED_EDGE ( 'NONE', *, *, #674, .F. ) ;
#1331 = CARTESIAN_POINT ( 'NONE',  ( -2.850000000000000089, 1.350000000000000533, -0.5000000000000004441 ) ) ;
#1332 = DIRECTION ( 'NONE',  ( -0.000000000000000000, 1.000000000000000000, -0.000000000000000000 ) ) ;
#1333 = DIRECTION ( 'NONE',  ( -0.000000000000000000, -0.000000000000000000, -1.000000000000000000 ) ) ;
#1334 = EDGE_CURVE ( 'NONE', #650, #1567, #86, .T. ) ;
#1335 = EDGE_LOOP ( 'NONE', ( #1348, #2018, #1190, #2486, #2494, #568, #1994, #1992 ) ) ;
#1336 = LINE ( 'NONE', #711, #329 ) ;
#1337 = DIRECTION ( 'NONE',  ( 1.119518429354559146E-31, -1.807003620809175618E-16, -1.000000000000000000 ) ) ;
#1338 = CARTESIAN_POINT ( 'NONE',  ( -2.736264737416298942, 0.2000000000000000944, 1.486264737416298942 ) ) ;
#1339 = CARTESIAN_POINT ( 'NONE',  ( -2.236264737416298498, 2.799999999999999822, 1.436264737416298454 ) ) ;
#1340 = VERTEX_POINT ( 'NONE', #2224 ) ;
#1341 = EDGE_CURVE ( 'NONE', #2284, #1340, #1257, .T. ) ;
#1342 = EDGE_CURVE ( 'NONE', #809, #80, #268, .T. ) ;
#1343 = DIRECTION ( 'NONE',  ( -1.119518429354559802E-31, 1.807003620809176851E-16, 1.000000000000000000 ) ) ;
#1344 = EDGE_CURVE ( 'NONE', #1856, #887, #1841, .T. ) ;
#1345 = CARTESIAN_POINT ( 'NONE',  ( -2.850000000000000089, 1.370000000000000551, 3.084943324127921382 ) ) ;
#1346 = LINE ( 'NONE', #1355, #1724 ) ;
#1347 = CARTESIAN_POINT ( 'NONE',  ( -2.236264737416298498, 2.700000000000000178, 1.436264737416298454 ) ) ;
#1348 = ORIENTED_EDGE ( 'NONE', *, *, #65, .F. ) ;
#1349 = DIRECTION ( 'NONE',  ( 1.000000000000000000, -0.000000000000000000, 0.000000000000000000 ) ) ;
#1350 = CARTESIAN_POINT ( 'NONE',  ( -2.850000000000000089, 1.499999999999999778, 1.600000000000000311 ) ) ;
#1351 = LINE ( 'NONE', #552, #2565 ) ;
#1352 = LINE ( 'NONE', #946, #1650 ) ;
#1353 = ORIENTED_EDGE ( 'NONE', *, *, #1125, .F. ) ;
#1354 = DIRECTION ( 'NONE',  ( 0.000000000000000000, 1.000000000000000000, 0.000000000000000000 ) ) ;
#1355 = CARTESIAN_POINT ( 'NONE',  ( 2.850000000000000089, 1.370000000000000551, 1.100000000000000089 ) ) ;
#1356 = LINE ( 'NONE', #966, #1496 ) ;
#1357 = EDGE_CURVE ( 'NONE', #2424, #1678, #2459, .T. ) ;
#1358 = CLOSED_SHELL ( 'NONE', ( #2080, #1713, #1481, #2090, #2491, #889, #2273, #1738, #1547, #1098, #447, #561, #909, #603, #927, #2060, #1396, #1262, #164, #260 ) ) ;
#1359 = ORIENTED_EDGE ( 'NONE', *, *, #1076, .F. ) ;
#1360 = VECTOR ( 'NONE', #427, 1000.000000000000114 ) ;
#1361 = FACE_OUTER_BOUND ( 'NONE', #1718, .T. ) ;
#1362 = PRESENTATION_STYLE_ASSIGNMENT (( #462 ) ) ;
#1363 = DIRECTION ( 'NONE',  ( 1.000000000000000000, 0.000000000000000000, 0.000000000000000000 ) ) ;
#1364 = VECTOR ( 'NONE', #973, 1000.000000000000000 ) ;
#1365 = DIRECTION ( 'NONE',  ( -1.000000000000000000, 0.000000000000000000, 0.000000000000000000 ) ) ;
#1366 = VECTOR ( 'NONE', #294, 1000.000000000000114 ) ;
#1367 = LINE ( 'NONE', #807, #1530 ) ;
#1368 = EDGE_CURVE ( 'NONE', #1770, #1054, #1351, .T. ) ;
#1369 = AXIS2_PLACEMENT_3D ( 'NONE', #1350, #723, #1529 ) ;
#1370 = EDGE_CURVE ( 'NONE', #2438, #689, #129, .T. ) ;
#1371 = ORIENTED_EDGE ( 'NONE', *, *, #835, .T. ) ;
#1372 = VECTOR ( 'NONE', #273, 1000.000000000000000 ) ;
#1373 = DIRECTION ( 'NONE',  ( -1.119518429354559146E-31, 1.807003620809175618E-16, 1.000000000000000000 ) ) ;
#1374 = ORIENTED_EDGE ( 'NONE', *, *, #2523, .F. ) ;
#1375 = LINE ( 'NONE', #1345, #1771 ) ;
#1376 = CARTESIAN_POINT ( 'NONE',  ( -2.838626473741630019, 1.370000000000000551, -1.099999999999999867 ) ) ;
#1377 = FACE_OUTER_BOUND ( 'NONE', #178, .T. ) ;
#1378 = DIRECTION ( 'NONE',  ( -1.000000000000000000, 0.000000000000000000, -0.000000000000000000 ) ) ;
#1379 = CARTESIAN_POINT ( 'NONE',  ( 1.399999999999999911, 0.2000000000000000944, 1.199999999999999289 ) ) ;
#1380 = ORIENTED_EDGE ( 'NONE', *, *, #735, .T. ) ;
#1381 = EDGE_CURVE ( 'NONE', #214, #689, #2075, .T. ) ;
#1382 = DIRECTION ( 'NONE',  ( -0.000000000000000000, -1.000000000000000000, 0.000000000000000000 ) ) ;
#1383 = SHAPE_DEFINITION_REPRESENTATION ( #1023, #450 ) ;
#1384 = ORIENTED_EDGE ( 'NONE', *, *, #1603, .T. ) ;
#1385 = CARTESIAN_POINT ( 'NONE',  ( -2.850000000000000089, 0.1499999999999997446, 1.100000000000000311 ) ) ;
#1386 = CARTESIAN_POINT ( 'NONE',  ( 2.850000000000000089, 1.499999999999999778, 1.600000000000000311 ) ) ;
#1387 = ORIENTED_EDGE ( 'NONE', *, *, #903, .T. ) ;
#1388 = CYLINDRICAL_SURFACE ( 'NONE', #2474, 0.1999999999999999833 ) ;
#1389 = FACE_BOUND ( 'NONE', #530, .T. ) ;
#1390 = ORIENTED_EDGE ( 'NONE', *, *, #1036, .F. ) ;
#1391 = DIRECTION ( 'NONE',  ( 0.000000000000000000, 0.000000000000000000, 1.000000000000000000 ) ) ;
#1392 = CARTESIAN_POINT ( 'NONE',  ( 0.000000000000000000, 2.799999999999999822, 0.000000000000000000 ) ) ;
#1393 = ORIENTED_EDGE ( 'NONE', *, *, #605, .T. ) ;
#1394 = EDGE_CURVE ( 'NONE', #1405, #2407, #1306, .T. ) ;
#1395 = FACE_OUTER_BOUND ( 'NONE', #2236, .T. ) ;
#1396 = ADVANCED_FACE ( 'NONE', ( #339 ), #1544, .T. ) ;
#1397 = VERTEX_POINT ( 'NONE', #714 ) ;
#1398 = LINE ( 'NONE', #1980, #1731 ) ;
#1399 = ORIENTED_EDGE ( 'NONE', *, *, #1294, .F. ) ;
#1400 = VECTOR ( 'NONE', #755, 1000.000000000000000 ) ;
#1401 = DIRECTION ( 'NONE',  ( 0.000000000000000000, 1.000000000000000000, 0.000000000000000000 ) ) ;
#1402 = LINE ( 'NONE', #1958, #483 ) ;
#1403 = AXIS2_PLACEMENT_3D ( 'NONE', #374, #1914, #782 ) ;
#1404 = DIRECTION ( 'NONE',  ( 0.000000000000000000, -1.000000000000000000, 0.000000000000000000 ) ) ;
#1405 = VERTEX_POINT ( 'NONE', #945 ) ;
#1406 = AXIS2_PLACEMENT_3D ( 'NONE', #1986, #1349, #218 ) ;
#1407 = DIRECTION ( 'NONE',  ( 1.000000000000000000, 0.000000000000000000, -3.371629932616596930E-16 ) ) ;
#1408 = AXIS2_PLACEMENT_3D ( 'NONE', #1385, #2409, #1761 ) ;
#1409 = VECTOR ( 'NONE', #1589, 1000.000000000000000 ) ;
#1410 = ORIENTED_EDGE ( 'NONE', *, *, #1274, .T. ) ;
#1411 = DIRECTION ( 'NONE',  ( -0.000000000000000000, -1.000000000000000000, -0.000000000000000000 ) ) ;
#1412 = VERTEX_POINT ( 'NONE', #1338 ) ;
#1413 = VECTOR ( 'NONE', #2271, 1000.000000000000000 ) ;
#1414 = EDGE_LOOP ( 'NONE', ( #2322, #275, #669, #2146 ) ) ;
#1415 = PLANE ( 'NONE',  #1525 ) ;
#1416 = AXIS2_PLACEMENT_3D ( 'NONE', #1870, #2262, #1996 ) ;
#1417 = CARTESIAN_POINT ( 'NONE',  ( 2.825875656313385775, 1.224257489892206729, -1.575875656313385109 ) ) ;
#1418 = LINE ( 'NONE', #2192, #1360 ) ;
#1419 = EDGE_CURVE ( 'NONE', #2084, #1340, #2434, .T. ) ;
#1420 = DIRECTION ( 'NONE',  ( -3.371629932616596930E-16, 0.000000000000000000, -1.000000000000000000 ) ) ;
#1421 = LINE ( 'NONE', #1379, #1860 ) ;
#1422 = CARTESIAN_POINT ( 'NONE',  ( -2.236264737416298942, 2.799999999999999822, 0.1499999999999999944 ) ) ;
#1423 = CARTESIAN_POINT ( 'NONE',  ( -2.550000000000000266, 1.500000000000000444, -1.100000000000000089 ) ) ;
#1424 = EDGE_LOOP ( 'NONE', ( #103, #431, #449, #360 ) ) ;
#1425 = LINE ( 'NONE', #1191, #491 ) ;
#1426 = ORIENTED_EDGE ( 'NONE', *, *, #1982, .F. ) ;
#1427 = EDGE_CURVE ( 'NONE', #309, #2272, #1508, .T. ) ;
#1428 = ORIENTED_EDGE ( 'NONE', *, *, #2460, .F. ) ;
#1429 = CARTESIAN_POINT ( 'NONE',  ( -2.236264737416298498, 2.700000000000000178, 1.436264737416298454 ) ) ;
#1430 = LINE ( 'NONE', #481, #732 ) ;
#1431 = ADVANCED_FACE ( 'NONE', ( #2487 ), #1887, .T. ) ;
#1432 = LINE ( 'NONE', #2023, #365 ) ;
#1433 = CARTESIAN_POINT ( 'NONE',  ( -2.110391136808100754, 2.700000000000000178, 0.1945785192776498251 ) ) ;
#1434 = LINE ( 'NONE', #618, #361 ) ;
#1435 = ORIENTED_EDGE ( 'NONE', *, *, #1050, .T. ) ;
#1436 = DIRECTION ( 'NONE',  ( -0.000000000000000000, 1.000000000000000000, -0.000000000000000000 ) ) ;
#1437 = ORIENTED_EDGE ( 'NONE', *, *, #446, .T. ) ;
#1438 = EDGE_LOOP ( 'NONE', ( #1954, #2115, #1737, #2053 ) ) ;
#1439 = DIRECTION ( 'NONE',  ( -0.000000000000000000, -0.000000000000000000, 1.000000000000000000 ) ) ;
#1440 = FACE_OUTER_BOUND ( 'NONE', #84, .T. ) ;
#1441 = ORIENTED_EDGE ( 'NONE', *, *, #1443, .T. ) ;
#1442 = DIRECTION ( 'NONE',  ( 0.000000000000000000, 1.000000000000000000, 0.000000000000000000 ) ) ;
#1443 = EDGE_CURVE ( 'NONE', #280, #1093, #726, .T. ) ;
#1444 = CARTESIAN_POINT ( 'NONE',  ( -2.850000000000000089, -2.168404344971008868E-16, 1.100000000000000311 ) ) ;
#1445 = LINE ( 'NONE', #78, #2127 ) ;
#1446 = ORIENTED_EDGE ( 'NONE', *, *, #259, .F. ) ;
#1447 = PLANE ( 'NONE',  #1406 ) ;
#1448 = LINE ( 'NONE', #467, #2480 ) ;
#1449 = VERTEX_POINT ( 'NONE', #1918 ) ;
#1450 = ORIENTED_EDGE ( 'NONE', *, *, #1616, .T. ) ;
#1451 = AXIS2_PLACEMENT_3D ( 'NONE', #878, #1780, #1667 ) ;
#1452 = DIRECTION ( 'NONE',  ( 1.000000000000000000, 0.000000000000000000, 0.000000000000000000 ) ) ;
#1453 = EDGE_CURVE ( 'NONE', #2050, #1897, #1736, .T. ) ;
#1454 = ORIENTED_EDGE ( 'NONE', *, *, #1066, .T. ) ;
#1455 = VECTOR ( 'NONE', #150, 1000.000000000000000 ) ;
#1456 = VECTOR ( 'NONE', #1514, 1000.000000000000000 ) ;
#1457 = CARTESIAN_POINT ( 'NONE',  ( -2.850000000000000089, 1.499999999999999778, 1.600000000000000311 ) ) ;
#1458 = DIRECTION ( 'NONE',  ( 0.08715574274765820750, 0.9961946980917455452, 0.000000000000000000 ) ) ;
#1459 = VECTOR ( 'NONE', #1288, 1000.000000000000000 ) ;
#1460 = VERTEX_POINT ( 'NONE', #2325 ) ;
#1461 = CARTESIAN_POINT ( 'NONE',  ( 1.399999999999999911, 0.2000000000000000944, 1.199999999999999289 ) ) ;
#1462 = ADVANCED_FACE ( 'NONE', ( #1160 ), #541, .F. ) ;
#1463 = CARTESIAN_POINT ( 'NONE',  ( -3.000000000000000888, 1.350000000000000533, 0.4999999999999997780 ) ) ;
#1464 = FACE_OUTER_BOUND ( 'NONE', #1119, .T. ) ;
#1465 = ORIENTED_EDGE ( 'NONE', *, *, #836, .F. ) ;
#1466 = VERTEX_POINT ( 'NONE', #168 ) ;
#1467 = CARTESIAN_POINT ( 'NONE',  ( -2.550000000000000266, 1.370000000000000551, -1.100000000000000089 ) ) ;
#1468 = FACE_OUTER_BOUND ( 'NONE', #895, .T. ) ;
#1469 = DIRECTION ( 'NONE',  ( -1.000000000000000000, 0.000000000000000000, 1.548860246407863336E-16 ) ) ;
#1470 = ORIENTED_EDGE ( 'NONE', *, *, #2550, .F. ) ;
#1471 = DIRECTION ( 'NONE',  ( 1.000000000000000000, 0.000000000000000000, 0.000000000000000000 ) ) ;
#1472 = ORIENTED_EDGE ( 'NONE', *, *, #2029, .T. ) ;
#1473 = ORIENTED_EDGE ( 'NONE', *, *, #949, .T. ) ;
#1474 = CARTESIAN_POINT ( 'NONE',  ( 1.399999999999999911, 0.2000000000000000944, 1.199999999999999289 ) ) ;
#1475 = DIRECTION ( 'NONE',  ( 1.000000000000000000, 0.000000000000000000, 0.000000000000000000 ) ) ;
#1476 = CARTESIAN_POINT ( 'NONE',  ( -2.850000000000000089, 1.350000000000000533, 0.4999999999999995559 ) ) ;
#1477 = ORIENTED_EDGE ( 'NONE', *, *, #1077, .T. ) ;
#1478 = LINE ( 'NONE', #124, #1158 ) ;
#1479 = CYLINDRICAL_SURFACE ( 'NONE', #2189, 0.1999999999999999833 ) ;
#1480 = EDGE_CURVE ( 'NONE', #1770, #2223, #1721, .T. ) ;
#1481 = ADVANCED_FACE ( 'NONE', ( #2288 ), #2535, .F. ) ;
#1482 = ORIENTED_EDGE ( 'NONE', *, *, #2195, .F. ) ;
#1483 = LINE ( 'NONE', #2406, #1775 ) ;
#1484 = EDGE_LOOP ( 'NONE', ( #775, #1399, #336, #67 ) ) ;
#1485 = FACE_OUTER_BOUND ( 'NONE', #2187, .T. ) ;
#1486 = CARTESIAN_POINT ( 'NONE',  ( -2.110391136808100754, 2.799999999999999822, -0.005421480722350177292 ) ) ;
#1487 = VECTOR ( 'NONE', #2216, 1000.000000000000000 ) ;
#1488 = CIRCLE ( 'NONE', #1812, 0.1999999999999999833 ) ;
#1489 = VERTEX_POINT ( 'NONE', #512 ) ;
#1490 = VECTOR ( 'NONE', #1030, 1000.000000000000000 ) ;
#1491 = CARTESIAN_POINT ( 'NONE',  ( -2.850000000000000089, 1.370000000000000551, 3.084943324127921382 ) ) ;
#1492 = ORIENTED_EDGE ( 'NONE', *, *, #2366, .T. ) ;
#1493 = EDGE_CURVE ( 'NONE', #2438, #394, #1123, .T. ) ;
#1494 = ORIENTED_EDGE ( 'NONE', *, *, #597, .F. ) ;
#1495 = UNCERTAINTY_MEASURE_WITH_UNIT (LENGTH_MEASURE( 1.000000000000000082E-05 ), #236, 'distance_accuracy_value', 'NONE');
#1496 = VECTOR ( 'NONE', #2343, 1000.000000000000000 ) ;
#1497 = CARTESIAN_POINT ( 'NONE',  ( -2.236264737416298942, 2.700000000000000178, 0.1499999999999999389 ) ) ;
#1498 = DIRECTION ( 'NONE',  ( -0.000000000000000000, -0.000000000000000000, -1.000000000000000000 ) ) ;
#1499 = LINE ( 'NONE', #2386, #2312 ) ;
#1500 = ORIENTED_EDGE ( 'NONE', *, *, #1985, .F. ) ;
#1501 = EDGE_CURVE ( 'NONE', #2243, #1184, #2300, .T. ) ;
#1502 = ADVANCED_FACE ( 'NONE', ( #1328 ), #2103, .T. ) ;
#1503 = CARTESIAN_POINT ( 'NONE',  ( -2.280009069179260717, 2.799999999999999822, 1.486264737416298942 ) ) ;
#1504 = ADVANCED_FACE ( 'NONE', ( #1990 ), #1006, .F. ) ;
#1505 = CARTESIAN_POINT ( 'NONE',  ( 2.550000000000000266, 1.500000000000000444, -1.100000000000000089 ) ) ;
#1506 = EDGE_LOOP ( 'NONE', ( #2122, #2164, #1750, #886 ) ) ;
#1507 = FACE_OUTER_BOUND ( 'NONE', #1308, .T. ) ;
#1508 = LINE ( 'NONE', #704, #1325 ) ;
#1509 = LINE ( 'NONE', #352, #1400 ) ;
#1510 = VERTEX_POINT ( 'NONE', #1218 ) ;
#1511 = DIRECTION ( 'NONE',  ( 0.000000000000000000, -1.000000000000000000, 0.000000000000000000 ) ) ;
#1512 = CARTESIAN_POINT ( 'NONE',  ( 2.850000000000000089, 1.500000000000000000, 1.100000000000000311 ) ) ;
#1513 = ORIENTED_EDGE ( 'NONE', *, *, #1705, .T. ) ;
#1514 = DIRECTION ( 'NONE',  ( -0.000000000000000000, -1.000000000000000000, -0.000000000000000000 ) ) ;
#1515 = AXIS2_PLACEMENT_3D ( 'NONE', #2289, #382, #1722 ) ;
#1516 = DIRECTION ( 'NONE',  ( 1.000000000000000000, 0.000000000000000000, 0.000000000000000000 ) ) ;
#1517 = DIRECTION ( 'NONE',  ( -0.000000000000000000, -1.000000000000000000, 0.000000000000000000 ) ) ;
#1518 = CARTESIAN_POINT ( 'NONE',  ( 1.700000000000000178, 0.1299999999999999212, 3.084943324127921382 ) ) ;
#1519 = LINE ( 'NONE', #1558, #1720 ) ;
#1520 = ORIENTED_EDGE ( 'NONE', *, *, #1394, .F. ) ;
#1521 = AXIS2_PLACEMENT_3D ( 'NONE', #1955, #1926, #570 ) ;
#1522 = ADVANCED_FACE ( 'NONE', ( #1757 ), #820, .F. ) ;
#1523 = CIRCLE ( 'NONE', #406, 0.1999999999999999833 ) ;
#1524 = DIRECTION ( 'NONE',  ( 1.000000000000000000, 0.000000000000000000, 0.000000000000000000 ) ) ;
#1525 = AXIS2_PLACEMENT_3D ( 'NONE', #424, #1012, #2190 ) ;
#1526 = LINE ( 'NONE', #1729, #1126 ) ;
#1527 = AXIS2_PLACEMENT_3D ( 'NONE', #1598, #1407, #1960 ) ;
#1528 = ORIENTED_EDGE ( 'NONE', *, *, #1155, .T. ) ;
#1529 = DIRECTION ( 'NONE',  ( -0.08715574274765820750, -0.9961946980917455452, 0.000000000000000000 ) ) ;
#1530 = VECTOR ( 'NONE', #620, 1000.000000000000000 ) ;
#1531 = ADVANCED_FACE ( 'NONE', ( #2141 ), #2369, .T. ) ;
#1532 = VECTOR ( 'NONE', #1156, 1000.000000000000000 ) ;
#1533 = DIRECTION ( 'NONE',  ( -0.000000000000000000, -0.000000000000000000, -1.000000000000000000 ) ) ;
#1534 = CARTESIAN_POINT ( 'NONE',  ( 2.850000000000000089, 1.499999999999999778, 1.600000000000000311 ) ) ;
#1535 = EDGE_CURVE ( 'NONE', #846, #1791, #1202, .T. ) ;
#1536 = VECTOR ( 'NONE', #1401, 1000.000000000000000 ) ;
#1537 = ORIENTED_EDGE ( 'NONE', *, *, #2249, .F. ) ;
#1538 = LINE ( 'NONE', #2317, #1849 ) ;
#1539 = DIRECTION ( 'NONE',  ( -1.000000000000000000, 0.000000000000000000, 8.613419869192900503E-16 ) ) ;
#1540 = DIRECTION ( 'NONE',  ( 1.000000000000000000, 1.885568995626964287E-16, 0.000000000000000000 ) ) ;
#1541 = ORIENTED_EDGE ( 'NONE', *, *, #1982, .T. ) ;
#1542 = CARTESIAN_POINT ( 'NONE',  ( -2.870000000000000107, 1.350000000000000533, 0.4999999999999995559 ) ) ;
#1543 = CARTESIAN_POINT ( 'NONE',  ( -2.550000000000000266, 1.500000000000000444, 1.100000000000000089 ) ) ;
#1544 = PLANE ( 'NONE',  #1773 ) ;
#1545 = CARTESIAN_POINT ( 'NONE',  ( 2.550000000000000266, 1.500000000000000444, 1.100000000000000089 ) ) ;
#1546 = ORIENTED_EDGE ( 'NONE', *, *, #1760, .F. ) ;
#1547 = ADVANCED_FACE ( 'NONE', ( #393 ), #2381, .F. ) ;
#1548 = EDGE_CURVE ( 'NONE', #2444, #1939, #1367, .T. ) ;
#1549 = DIRECTION ( 'NONE',  ( 0.000000000000000000, 1.000000000000000000, -1.807003620809175618E-16 ) ) ;
#1550 = DIRECTION ( 'NONE',  ( 1.000000000000000000, 0.000000000000000000, 0.000000000000000000 ) ) ;
#1551 = LINE ( 'NONE', #997, #417 ) ;
#1552 = CARTESIAN_POINT ( 'NONE',  ( 2.850000000000000089, 2.799999999999999822, -1.486264737416298276 ) ) ;
#1553 = DIRECTION ( 'NONE',  ( 0.000000000000000000, -0.08715574274765820750, -0.9961946980917455452 ) ) ;
#1554 = ORIENTED_EDGE ( 'NONE', *, *, #446, .F. ) ;
#1555 = EDGE_CURVE ( 'NONE', #2212, #1197, #180, .T. ) ;
#1556 = EDGE_CURVE ( 'NONE', #1010, #2108, #1820, .T. ) ;
#1557 = FACE_OUTER_BOUND ( 'NONE', #2254, .T. ) ;
#1558 = CARTESIAN_POINT ( 'NONE',  ( 1.700000000000000178, 0.000000000000000000, -1.100000000000000089 ) ) ;
#1559 = ORIENTED_EDGE ( 'NONE', *, *, #1036, .T. ) ;
#1560 = CARTESIAN_POINT ( 'NONE',  ( 0.000000000000000000, 0.2000000000000000944, 1.486264737416299164 ) ) ;
#1561 = EDGE_LOOP ( 'NONE', ( #252, #288, #827, #1638 ) ) ;
#1562 = CARTESIAN_POINT ( 'NONE',  ( -2.850000000000000089, 1.499999999999999778, 1.600000000000000311 ) ) ;
#1563 = ADVANCED_FACE ( 'NONE', ( #602 ), #2185, .T. ) ;
#1564 = CARTESIAN_POINT ( 'NONE',  ( -2.236264737416298942, 2.700000000000000178, 0.1499999999999999944 ) ) ;
#1565 = DIRECTION ( 'NONE',  ( -0.000000000000000000, -0.000000000000000000, -1.000000000000000000 ) ) ;
#1566 = VECTOR ( 'NONE', #2116, 1000.000000000000000 ) ;
#1567 = VERTEX_POINT ( 'NONE', #2197 ) ;
#1568 = CIRCLE ( 'NONE', #2302, 0.1999999999999999833 ) ;
#1569 = LINE ( 'NONE', #749, #2510 ) ;
#1570 = DIRECTION ( 'NONE',  ( -1.445602896647339508E-15, 1.000000000000000000, 0.000000000000000000 ) ) ;
#1571 = ORIENTED_EDGE ( 'NONE', *, *, #1639, .F. ) ;
#1572 = VECTOR ( 'NONE', #994, 1000.000000000000000 ) ;
#1573 = CARTESIAN_POINT ( 'NONE',  ( -1.984517536199903009, 2.799999999999999822, -0.1500000000000001610 ) ) ;
#1574 = VECTOR ( 'NONE', #2261, 1000.000000000000000 ) ;
#1575 = SURFACE_SIDE_STYLE ('',( #2088 ) ) ;
#1576 = ORIENTED_EDGE ( 'NONE', *, *, #1125, .T. ) ;
#1577 = DIRECTION ( 'NONE',  ( 0.000000000000000000, 1.000000000000000000, -1.807003620809176851E-16 ) ) ;
#1578 = VECTOR ( 'NONE', #2375, 1000.000000000000000 ) ;
#1579 = CARTESIAN_POINT ( 'NONE',  ( -2.236264737416298498, 2.799999999999999822, 1.436264737416298454 ) ) ;
#1580 = VERTEX_POINT ( 'NONE', #418 ) ;
#1581 = CARTESIAN_POINT ( 'NONE',  ( 1.700000000000000178, 0.000000000000000000, 3.084943324127921382 ) ) ;
#1582 = DIRECTION ( 'NONE',  ( -0.08715574274765820750, 0.9961946980917455452, 0.000000000000000000 ) ) ;
#1583 = MANIFOLD_SOLID_BREP ( 'Cut-Extrude4', #1964 ) ;
#1584 = ADVANCED_FACE ( 'NONE', ( #1395 ), #222, .F. ) ;
#1585 = CARTESIAN_POINT ( 'NONE',  ( 2.550000000000000266, 1.370000000000000551, 3.084943324127921382 ) ) ;
#1586 = DIRECTION ( 'NONE',  ( 0.000000000000000000, -0.000000000000000000, 1.000000000000000000 ) ) ;
#1587 = ORIENTED_EDGE ( 'NONE', *, *, #1153, .F. ) ;
#1588 = VERTEX_POINT ( 'NONE', #1461 ) ;
#1589 = DIRECTION ( 'NONE',  ( -0.000000000000000000, -0.000000000000000000, 1.000000000000000000 ) ) ;
#1590 = FACE_OUTER_BOUND ( 'NONE', #2408, .T. ) ;
#1591 = EDGE_LOOP ( 'NONE', ( #2000, #2034, #537, #1454 ) ) ;
#1592 = DIRECTION ( 'NONE',  ( 0.000000000000000000, 0.000000000000000000, 1.000000000000000000 ) ) ;
#1593 = DIRECTION ( 'NONE',  ( 1.000000000000000000, 0.000000000000000000, 0.000000000000000000 ) ) ;
#1594 = ORIENTED_EDGE ( 'NONE', *, *, #1394, .T. ) ;
#1595 = CARTESIAN_POINT ( 'NONE',  ( 2.550000000000000266, 1.500000000000000444, -1.100000000000000089 ) ) ;
#1596 = FACE_BOUND ( 'NONE', #1424, .T. ) ;
#1597 = ORIENTED_EDGE ( 'NONE', *, *, #426, .F. ) ;
#1598 = CARTESIAN_POINT ( 'NONE',  ( -1.984517536199902565, 2.700000000000000178, 1.436264737416298232 ) ) ;
#1599 = FACE_OUTER_BOUND ( 'NONE', #1265, .T. ) ;
#1600 = VERTEX_POINT ( 'NONE', #1828 ) ;
#1601 = DIRECTION ( 'NONE',  ( 1.000000000000000000, 0.000000000000000000, -0.000000000000000000 ) ) ;
#1602 = ORIENTED_EDGE ( 'NONE', *, *, #2296, .T. ) ;
#1603 = EDGE_CURVE ( 'NONE', #1054, #650, #668, .T. ) ;
#1604 = ORIENTED_EDGE ( 'NONE', *, *, #2515, .F. ) ;
#1605 = CARTESIAN_POINT ( 'NONE',  ( 0.000000000000000000, 0.000000000000000000, 0.000000000000000000 ) ) ;
#1606 = EDGE_CURVE ( 'NONE', #2364, #1664, #2242, .T. ) ;
#1607 = CARTESIAN_POINT ( 'NONE',  ( -2.236264737416298942, 2.700000000000000178, 0.1499999999999999944 ) ) ;
#1608 = EDGE_LOOP ( 'NONE', ( #2458, #578, #486, #979 ) ) ;
#1609 = CARTESIAN_POINT ( 'NONE',  ( -2.110391136808100754, 2.700000000000000178, 0.1945785192776498251 ) ) ;
#1610 = AXIS2_PLACEMENT_3D ( 'NONE', #991, #1778, #951 ) ;
#1611 = CARTESIAN_POINT ( 'NONE',  ( -2.780009069179261161, 2.299999999999999822, -1.530009069179260273 ) ) ;
#1612 = EDGE_LOOP ( 'NONE', ( #466, #1089, #1965, #574 ) ) ;
#1613 = DIRECTION ( 'NONE',  ( 8.613419869192900503E-16, 0.000000000000000000, 1.000000000000000000 ) ) ;
#1614 = DIRECTION ( 'NONE',  ( 0.000000000000000000, 0.000000000000000000, 1.000000000000000000 ) ) ;
#1615 = MECHANICAL_DESIGN_GEOMETRIC_PRESENTATION_REPRESENTATION (  '', ( #2221 ), #485 ) ;
#1616 = EDGE_CURVE ( 'NONE', #1618, #2412, #2039, .T. ) ;
#1617 = VECTOR ( 'NONE', #70, 1000.000000000000000 ) ;
#1618 = VERTEX_POINT ( 'NONE', #2446 ) ;
#1619 = CARTESIAN_POINT ( 'NONE',  ( -2.850000000000000089, 1.370000000000000551, 1.100000000000000311 ) ) ;
#1620 = EDGE_CURVE ( 'NONE', #1405, #214, #2232, .T. ) ;
#1621 = AXIS2_PLACEMENT_3D ( 'NONE', #891, #81, #1240 ) ;
#1622 = ORIENTED_EDGE ( 'NONE', *, *, #2365, .F. ) ;
#1623 = PLANE ( 'NONE',  #1656 ) ;
#1624 = VECTOR ( 'NONE', #1565, 1000.000000000000000 ) ;
#1625 =( NAMED_UNIT ( * ) SI_UNIT ( $, .STERADIAN. ) SOLID_ANGLE_UNIT ( ) );
#1626 = SURFACE_STYLE_USAGE ( .BOTH. , #37 ) ;
#1627 = PLANE ( 'NONE',  #47 ) ;
#1628 = CARTESIAN_POINT ( 'NONE',  ( -1.700000000000000178, 0.1299999999999999212, 3.084943324127921382 ) ) ;
#1629 = ORIENTED_EDGE ( 'NONE', *, *, #2328, .T. ) ;
#1630 = CARTESIAN_POINT ( 'NONE',  ( 2.850000000000000089, 0.1299999999999997546, -1.100000000000000089 ) ) ;
#1631 = DIRECTION ( 'NONE',  ( 0.000000000000000000, 1.000000000000000000, 0.000000000000000000 ) ) ;
#1632 = ORIENTED_EDGE ( 'NONE', *, *, #445, .T. ) ;
#1633 =( GEOMETRIC_REPRESENTATION_CONTEXT ( 3 ) GLOBAL_UNCERTAINTY_ASSIGNED_CONTEXT ( ( #94 ) ) GLOBAL_UNIT_ASSIGNED_CONTEXT ( ( #2498, #527, #727 ) ) REPRESENTATION_CONTEXT ( 'NONE', 'WORKASPACE' ) );
#1634 = EDGE_CURVE ( 'NONE', #943, #433, #1448, .T. ) ;
#1635 = VERTEX_POINT ( 'NONE', #95 ) ;
#1636 = DIRECTION ( 'NONE',  ( -1.000000000000000000, 0.000000000000000000, 0.000000000000000000 ) ) ;
#1637 = ORIENTED_EDGE ( 'NONE', *, *, #2063, .T. ) ;
#1638 = ORIENTED_EDGE ( 'NONE', *, *, #1740, .T. ) ;
#1639 = EDGE_CURVE ( 'NONE', #1114, #2084, #1097, .T. ) ;
#1640 = DIRECTION ( 'NONE',  ( -0.7057575568079518247, -0.7057575568079518247, 0.06174578541844912005 ) ) ;
#1642 = EDGE_CURVE ( 'NONE', #1791, #55, #2457, .T. ) ;
#1641 = ORIENTED_EDGE ( 'NONE', *, *, #304, .F. ) ;
#1643 = ORIENTED_EDGE ( 'NONE', *, *, #890, .T. ) ;
#1644 = CARTESIAN_POINT ( 'NONE',  ( -2.850000000000000089, 1.499999999999999778, 1.600000000000000311 ) ) ;
#1645 = EDGE_LOOP ( 'NONE', ( #64, #601, #1258, #2376 ) ) ;
#1646 = LINE ( 'NONE', #2426, #685 ) ;
#1647 = DIRECTION ( 'NONE',  ( 1.000000000000000000, 0.000000000000000000, 0.000000000000000000 ) ) ;
#1648 = CARTESIAN_POINT ( 'NONE',  ( -2.236264737416298942, 2.799999999999999822, 0.1499999999999999389 ) ) ;
#1649 = VERTEX_POINT ( 'NONE', #1850 ) ;
#1650 = VECTOR ( 'NONE', #130, 1000.000000000000000 ) ;
#1651 = DIRECTION ( 'NONE',  ( -0.000000000000000000, 1.000000000000000000, -0.000000000000000000 ) ) ;
#1652 = ORIENTED_EDGE ( 'NONE', *, *, #2247, .T. ) ;
#1653 = FACE_OUTER_BOUND ( 'NONE', #353, .T. ) ;
#1654 = AXIS2_PLACEMENT_3D ( 'NONE', #209, #1005, #1217 ) ;
#1655 = DIRECTION ( 'NONE',  ( 0.000000000000000000, 0.000000000000000000, 1.000000000000000000 ) ) ;
#1656 = AXIS2_PLACEMENT_3D ( 'NONE', #1605, #1025, #12 ) ;
#1657 = EDGE_LOOP ( 'NONE', ( #1813, #1921, #1829, #2201 ) ) ;
#1658 = SURFACE_STYLE_FILL_AREA ( #867 ) ;
#1659 = AXIS2_PLACEMENT_3D ( 'NONE', #1055, #701, #337 ) ;
#1660 = CARTESIAN_POINT ( 'NONE',  ( 2.850000000000000089, 1.500000000000000000, 3.084943324127921382 ) ) ;
#1661 = DIRECTION ( 'NONE',  ( 9.035018104045871927E-17, 0.000000000000000000, -1.000000000000000000 ) ) ;
#1662 = CARTESIAN_POINT ( 'NONE',  ( 2.870000000000000107, 1.350000000000000533, -1.100000000000000089 ) ) ;
#1663 = AXIS2_PLACEMENT_3D ( 'NONE', #188, #546, #2563 ) ;
#1664 = VERTEX_POINT ( 'NONE', #858 ) ;
#1665 = DIRECTION ( 'NONE',  ( -0.000000000000000000, -0.000000000000000000, -1.000000000000000000 ) ) ;
#1666 = VERTEX_POINT ( 'NONE', #2219 ) ;
#1667 = DIRECTION ( 'NONE',  ( 1.000000000000000000, 1.649872871173594090E-16, 0.000000000000000000 ) ) ;
#1668 = CARTESIAN_POINT ( 'NONE',  ( -2.110391136808100754, 2.700000000000000178, -0.005421480722350177292 ) ) ;
#1669 = ORIENTED_EDGE ( 'NONE', *, *, #232, .T. ) ;
#1670 = EDGE_CURVE ( 'NONE', #709, #2484, #2049, .T. ) ;
#1671 = DIRECTION ( 'NONE',  ( 0.000000000000000000, 1.000000000000000000, 0.000000000000000000 ) ) ;
#1672 = CARTESIAN_POINT ( 'NONE',  ( -2.780009069179261161, 2.299999999999999822, -1.599999999999999645 ) ) ;
#1673 = ORIENTED_EDGE ( 'NONE', *, *, #255, .F. ) ;
#1674 = CARTESIAN_POINT ( 'NONE',  ( -3.000000000000000444, 0.9000000000000005773, 0.4999999999999998890 ) ) ;
#1675 = ORIENTED_EDGE ( 'NONE', *, *, #632, .F. ) ;
#1676 = DIRECTION ( 'NONE',  ( -0.000000000000000000, -0.000000000000000000, -1.000000000000000000 ) ) ;
#1677 = CARTESIAN_POINT ( 'NONE',  ( -1.400000000000000133, 0.2000000000000000944, 1.199999999999999734 ) ) ;
#1678 = VERTEX_POINT ( 'NONE', #1674 ) ;
#1679 = ADVANCED_FACE ( 'NONE', ( #1876 ), #458, .F. ) ;
#1680 = DIRECTION ( 'NONE',  ( -0.000000000000000000, -0.000000000000000000, -1.000000000000000000 ) ) ;
#1681 = VERTEX_POINT ( 'NONE', #251 ) ;
#1682 = LINE ( 'NONE', #2473, #569 ) ;
#1683 = LINE ( 'NONE', #1644, #2094 ) ;
#1684 = EDGE_CURVE ( 'NONE', #1340, #1093, #1838, .T. ) ;
#1685 = DIRECTION ( 'NONE',  ( -1.000000000000000000, -0.000000000000000000, 8.613419869192900503E-16 ) ) ;
#1686 = VECTOR ( 'NONE', #591, 1000.000000000000000 ) ;
#1687 = ORIENTED_EDGE ( 'NONE', *, *, #1443, .F. ) ;
#1688 = EDGE_CURVE ( 'NONE', #645, #1791, #875, .T. ) ;
#1689 = CARTESIAN_POINT ( 'NONE',  ( 2.850000000000000089, 0.1299999999999997546, 1.100000000000000311 ) ) ;
#1690 = VECTOR ( 'NONE', #473, 1000.000000000000000 ) ;
#1691 = CARTESIAN_POINT ( 'NONE',  ( 2.550000000000000266, 1.370000000000000551, 1.100000000000000089 ) ) ;
#1692 = AXIS2_PLACEMENT_3D ( 'NONE', #1281, #661, #1452 ) ;
#1693 = DIRECTION ( 'NONE',  ( -0.000000000000000000, -1.000000000000000000, 0.000000000000000000 ) ) ;
#1694 = ORIENTED_EDGE ( 'NONE', *, *, #1029, .T. ) ;
#1695 = VECTOR ( 'NONE', #928, 1000.000000000000000 ) ;
#1696 = DIRECTION ( 'NONE',  ( 0.000000000000000000, 0.000000000000000000, -1.000000000000000000 ) ) ;
#1697 = DIRECTION ( 'NONE',  ( 0.000000000000000000, 1.000000000000000000, 0.000000000000000000 ) ) ;
#1698 = DIRECTION ( 'NONE',  ( 0.000000000000000000, -0.9961946980917455452, -0.08715574274765820750 ) ) ;
#1699 = EDGE_LOOP ( 'NONE', ( #2499, #111, #2264, #1756, #2043 ) ) ;
#1700 = FILL_AREA_STYLE ('',( #1758 ) ) ;
#1701 = CARTESIAN_POINT ( 'NONE',  ( -2.110391136808100754, 2.700000000000000178, -0.005421480722350177292 ) ) ;
#1702 = PLANE ( 'NONE',  #2131 ) ;
#1703 = ORIENTED_EDGE ( 'NONE', *, *, #609, .F. ) ;
#1704 = DIRECTION ( 'NONE',  ( -0.000000000000000000, 1.000000000000000000, -0.000000000000000000 ) ) ;
#1705 = EDGE_CURVE ( 'NONE', #1213, #214, #1327, .T. ) ;
#1706 = CARTESIAN_POINT ( 'NONE',  ( -2.850000000000000089, 0.1499999999999997446, -1.100000000000000089 ) ) ;
#1707 = DIRECTION ( 'NONE',  ( 0.000000000000000000, 0.9961946980917455452, 0.08715574274765820750 ) ) ;
#1708 = EDGE_CURVE ( 'NONE', #678, #1114, #2432, .T. ) ;
#1709 = DIRECTION ( 'NONE',  ( 0.000000000000000000, -1.000000000000000000, 1.807003620809175618E-16 ) ) ;
#1710 = LINE ( 'NONE', #960, #978 ) ;
#1711 = ORIENTED_EDGE ( 'NONE', *, *, #2468, .T. ) ;
#1712 = LINE ( 'NONE', #719, #2099 ) ;
#1713 = ADVANCED_FACE ( 'NONE', ( #849 ), #287, .F. ) ;
#1714 = DIRECTION ( 'NONE',  ( 1.000000000000000000, 0.000000000000000000, 0.000000000000000000 ) ) ;
#1715 = ORIENTED_EDGE ( 'NONE', *, *, #391, .F. ) ;
#1716 = EDGE_CURVE ( 'NONE', #2110, #145, #1483, .T. ) ;
#1717 = PLANE ( 'NONE',  #1369 ) ;
#1718 = EDGE_LOOP ( 'NONE', ( #636, #1256, #17, #2379 ) ) ;
#1719 = LINE ( 'NONE', #149, #1204 ) ;
#1720 = VECTOR ( 'NONE', #741, 1000.000000000000000 ) ;
#1721 = LINE ( 'NONE', #959, #529 ) ;
#1722 = DIRECTION ( 'NONE',  ( 0.000000000000000000, 0.000000000000000000, 1.000000000000000000 ) ) ;
#1723 = ORIENTED_EDGE ( 'NONE', *, *, #514, .T. ) ;
#1724 = VECTOR ( 'NONE', #996, 1000.000000000000000 ) ;
#1725 = LINE ( 'NONE', #1579, #1889 ) ;
#1726 = VECTOR ( 'NONE', #1420, 1000.000000000000000 ) ;
#1727 = PLANE ( 'NONE',  #825 ) ;
#1728 = CIRCLE ( 'NONE', #1408, 0.02000000000000005246 ) ;
#1729 = CARTESIAN_POINT ( 'NONE',  ( -2.850000000000000089, 1.370000000000000551, 0.4999999999999995559 ) ) ;
#1730 = ORIENTED_EDGE ( 'NONE', *, *, #1151, .T. ) ;
#1731 = VECTOR ( 'NONE', #2188, 1000.000000000000000 ) ;
#1732 = VERTEX_POINT ( 'NONE', #2420 ) ;
#1733 = PLANE ( 'NONE',  #1161 ) ;
#1734 = AXIS2_PLACEMENT_3D ( 'NONE', #2295, #522, #1363 ) ;
#1735 = VECTOR ( 'NONE', #399, 1000.000000000000000 ) ;
#1736 = LINE ( 'NONE', #116, #203 ) ;
#1737 = ORIENTED_EDGE ( 'NONE', *, *, #144, .T. ) ;
#1738 = ADVANCED_FACE ( 'NONE', ( #644 ), #264, .T. ) ;
#1739 = CARTESIAN_POINT ( 'NONE',  ( 2.850000000000000089, 1.350000000000000533, -1.100000000000000089 ) ) ;
#1740 = EDGE_CURVE ( 'NONE', #2444, #328, #1141, .T. ) ;
#1741 = LINE ( 'NONE', #586, #1536 ) ;
#1742 = LINE ( 'NONE', #2165, #523 ) ;
#1743 = CARTESIAN_POINT ( 'NONE',  ( -2.110391136808100754, 2.700000000000000178, 0.005421480722350002952 ) ) ;
#1744 = ORIENTED_EDGE ( 'NONE', *, *, #166, .F. ) ;
#1745 = DIRECTION ( 'NONE',  ( -0.000000000000000000, -0.000000000000000000, -1.000000000000000000 ) ) ;
#1746 = DIRECTION ( 'NONE',  ( -1.119518429354559802E-31, 1.807003620809176851E-16, 1.000000000000000000 ) ) ;
#1747 = EDGE_CURVE ( 'NONE', #1759, #2243, #1682, .T. ) ;
#1748 = VERTEX_POINT ( 'NONE', #1108 ) ;
#1749 = PLANE ( 'NONE',  #148 ) ;
#1750 = ORIENTED_EDGE ( 'NONE', *, *, #1548, .T. ) ;
#1751 = CARTESIAN_POINT ( 'NONE',  ( 2.999999999999999556, 1.350000000000000533, 1.100000000000000311 ) ) ;
#1752 = CARTESIAN_POINT ( 'NONE',  ( 2.850000000000000089, 0.1299999999999997546, 1.100000000000000311 ) ) ;
#1753 = EDGE_LOOP ( 'NONE', ( #811, #1805, #1723, #2244 ) ) ;
#1754 = CARTESIAN_POINT ( 'NONE',  ( 0.000000000000000000, 0.2000000000000000944, -1.486264737416298498 ) ) ;
#1755 = FACE_OUTER_BOUND ( 'NONE', #2040, .T. ) ;
#1756 = ORIENTED_EDGE ( 'NONE', *, *, #1796, .T. ) ;
#1757 = FACE_OUTER_BOUND ( 'NONE', #1122, .T. ) ;
#1758 = FILL_AREA_STYLE_COLOUR ( '', #408 ) ;
#1759 = VERTEX_POINT ( 'NONE', #359 ) ;
#1760 = EDGE_CURVE ( 'NONE', #2176, #2444, #1885, .T. ) ;
#1761 = DIRECTION ( 'NONE',  ( 1.000000000000000000, 0.000000000000000000, 0.000000000000000000 ) ) ;
#1762 = DIRECTION ( 'NONE',  ( 1.119518429354559146E-31, -1.807003620809175618E-16, -1.000000000000000000 ) ) ;
#1763 = PLANE ( 'NONE',  #1403 ) ;
#1764 = CARTESIAN_POINT ( 'NONE',  ( -2.850000000000000089, 1.500000000000000000, 3.084943324127921382 ) ) ;
#1765 = AXIS2_PLACEMENT_3D ( 'NONE', #1331, #1373, #583 ) ;
#1766 = VERTEX_POINT ( 'NONE', #127 ) ;
#1767 = VECTOR ( 'NONE', #852, 1000.000000000000000 ) ;
#1768 = CARTESIAN_POINT ( 'NONE',  ( 1.700000000000000178, 0.000000000000000000, 3.084943324127921382 ) ) ;
#1769 = DIRECTION ( 'NONE',  ( 0.000000000000000000, 1.000000000000000000, 0.000000000000000000 ) ) ;
#1770 = VERTEX_POINT ( 'NONE', #1908 ) ;
#1771 = VECTOR ( 'NONE', #762, 1000.000000000000000 ) ;
#1772 = DIRECTION ( 'NONE',  ( -1.000000000000000000, -0.000000000000000000, 8.613419869192900503E-16 ) ) ;
#1773 = AXIS2_PLACEMENT_3D ( 'NONE', #314, #363, #1910 ) ;
#1774 = DIRECTION ( 'NONE',  ( -0.000000000000000000, -0.000000000000000000, 1.000000000000000000 ) ) ;
#1775 = VECTOR ( 'NONE', #1640, 1000.000000000000114 ) ;
#1776 = EDGE_LOOP ( 'NONE', ( #1380, #1652, #2469, #877 ) ) ;
#1777 = PLANE ( 'NONE',  #2263 ) ;
#1778 = DIRECTION ( 'NONE',  ( -1.000000000000000000, -3.614007241618345813E-16, 0.000000000000000000 ) ) ;
#1779 = ORIENTED_EDGE ( 'NONE', *, *, #1104, .F. ) ;
#1780 = DIRECTION ( 'NONE',  ( 1.649872871173594090E-16, -1.000000000000000000, 0.000000000000000000 ) ) ;
#1781 = CARTESIAN_POINT ( 'NONE',  ( -1.400000000000000133, 3.887817782917155629, 1.199999999999999734 ) ) ;
#1782 = ADVANCED_FACE ( 'NONE', ( #1507 ), #1733, .F. ) ;
#1783 = ORIENTED_EDGE ( 'NONE', *, *, #1050, .F. ) ;
#1784 = PLANE ( 'NONE',  #281 ) ;
#1785 = CARTESIAN_POINT ( 'NONE',  ( -2.110391136808100754, 2.799999999999999822, -0.005421480722350177292 ) ) ;
#1786 = ORIENTED_EDGE ( 'NONE', *, *, #516, .T. ) ;
#1787 = PLANE ( 'NONE',  #607 ) ;
#1788 = DIRECTION ( 'NONE',  ( -1.000000000000000000, 0.000000000000000000, 3.371629932616595944E-16 ) ) ;
#1789 = CARTESIAN_POINT ( 'NONE',  ( -2.850000000000000089, 1.500000000000000000, 0.4999999999999997780 ) ) ;
#1790 = EDGE_CURVE ( 'NONE', #2110, #2489, #2506, .T. ) ;
#1791 = VERTEX_POINT ( 'NONE', #1543 ) ;
#1792 = DIRECTION ( 'NONE',  ( 1.000000000000000000, -0.000000000000000000, 0.000000000000000000 ) ) ;
#1793 = ORIENTED_EDGE ( 'NONE', *, *, #1238, .T. ) ;
#1794 = DIRECTION ( 'NONE',  ( -0.000000000000000000, 1.000000000000000000, -0.000000000000000000 ) ) ;
#1795 = CARTESIAN_POINT ( 'NONE',  ( 1.700000000000000178, 0.000000000000000000, 1.100000000000000311 ) ) ;
#1796 = EDGE_CURVE ( 'NONE', #31, #2182, #728, .T. ) ;
#1797 = LINE ( 'NONE', #358, #1116 ) ;
#1798 = FACE_OUTER_BOUND ( 'NONE', #1608, .T. ) ;
#1799 = ORIENTED_EDGE ( 'NONE', *, *, #100, .F. ) ;
#1800 = ADVANCED_FACE ( 'NONE', ( #2100 ), #1324, .F. ) ;
#1801 = CYLINDRICAL_SURFACE ( 'NONE', #722, 0.02000000000000005246 ) ;
#1802 = PRESENTATION_STYLE_ASSIGNMENT (( #987 ) ) ;
#1803 = EDGE_LOOP ( 'NONE', ( #560, #2101, #1303, #975, #510 ) ) ;
#1804 = CARTESIAN_POINT ( 'NONE',  ( 2.870000000000000107, 0.1499999999999997446, 1.100000000000000311 ) ) ;
#1805 = ORIENTED_EDGE ( 'NONE', *, *, #1453, .T. ) ;
#1806 = VERTEX_POINT ( 'NONE', #2286 ) ;
#1807 = CARTESIAN_POINT ( 'NONE',  ( -1.400000000000000133, 0.000000000000000000, -1.200000000000000178 ) ) ;
#1808 = SURFACE_STYLE_FILL_AREA ( #2278 ) ;
#1809 = VECTOR ( 'NONE', #743, 1000.000000000000000 ) ;
#1810 = CYLINDRICAL_SURFACE ( 'NONE', #208, 0.1499999999999999667 ) ;
#1811 = CARTESIAN_POINT ( 'NONE',  ( -2.110391136808100754, 2.799999999999999822, 0.1945785192776498251 ) ) ;
#1812 = AXIS2_PLACEMENT_3D ( 'NONE', #243, #615, #2415 ) ;
#1813 = ORIENTED_EDGE ( 'NONE', *, *, #1832, .F. ) ;
#1814 = DIRECTION ( 'NONE',  ( -0.000000000000000000, -0.000000000000000000, -1.000000000000000000 ) ) ;
#1815 = SURFACE_STYLE_FILL_AREA ( #1977 ) ;
#1816 = DIRECTION ( 'NONE',  ( 1.000000000000000000, 0.000000000000000000, 0.000000000000000000 ) ) ;
#1817 = EDGE_LOOP ( 'NONE', ( #779, #1669, #2371, #1786, #171 ) ) ;
#1818 = STYLED_ITEM ( 'NONE', ( #2298 ), #1040 ) ;
#1819 = ADVANCED_FACE ( 'NONE', ( #2485 ), #135, .T. ) ;
#1820 = CIRCLE ( 'NONE', #691, 0.1499999999999999667 ) ;
#1821 = ORIENTED_EDGE ( 'NONE', *, *, #1170, .T. ) ;
#1822 = PLANE ( 'NONE',  #2017 ) ;
#1823 = AXIS2_PLACEMENT_3D ( 'NONE', #2324, #104, #2495 ) ;
#1824 = EDGE_LOOP ( 'NONE', ( #1446, #1673, #1961, #2064 ) ) ;
#1825 = ADVANCED_FACE ( 'NONE', ( #2522 ), #1717, .T. ) ;
#1826 = PLANE ( 'NONE',  #660 ) ;
#1827 = LINE ( 'NONE', #655, #448 ) ;
#1828 = CARTESIAN_POINT ( 'NONE',  ( 2.999999999999999556, 1.350000000000000533, -1.100000000000000089 ) ) ;
#1829 = ORIENTED_EDGE ( 'NONE', *, *, #487, .T. ) ;
#1830 = ORIENTED_EDGE ( 'NONE', *, *, #747, .T. ) ;
#1831 = DIRECTION ( 'NONE',  ( -0.08682659386424762538, 0.9924325091389669673, 0.08682659386424762538 ) ) ;
#1832 = EDGE_CURVE ( 'NONE', #540, #624, #1932, .T. ) ;
#1833 = ORIENTED_EDGE ( 'NONE', *, *, #33, .T. ) ;
#1834 = CARTESIAN_POINT ( 'NONE',  ( -2.550000000000000266, 1.500000000000000444, -1.100000000000000089 ) ) ;
#1835 = CARTESIAN_POINT ( 'NONE',  ( -2.999999999999999556, 1.350000000000000533, 1.100000000000000311 ) ) ;
#1836 = DIRECTION ( 'NONE',  ( 0.000000000000000000, 0.000000000000000000, 1.000000000000000000 ) ) ;
#1837 = ORIENTED_EDGE ( 'NONE', *, *, #1113, .F. ) ;
#1838 = LINE ( 'NONE', #1630, #2265 ) ;
#1839 = ORIENTED_EDGE ( 'NONE', *, *, #892, .F. ) ;
#1840 = PLANE ( 'NONE',  #1451 ) ;
#1841 = LINE ( 'NONE', #1868, #2222 ) ;
#1842 = ORIENTED_EDGE ( 'NONE', *, *, #1024, .F. ) ;
#1843 = APPLICATION_CONTEXT ( 'automotive_design' ) ;
#1844 = ORIENTED_EDGE ( 'NONE', *, *, #500, .F. ) ;
#1845 = EDGE_CURVE ( 'NONE', #421, #1635, #1336, .T. ) ;
#1846 = PLANE ( 'NONE',  #4 ) ;
#1847 = CARTESIAN_POINT ( 'NONE',  ( -1.700000000000000178, 0.1299999999999999212, 1.100000000000000311 ) ) ;
#1848 =( GEOMETRIC_REPRESENTATION_CONTEXT ( 3 ) GLOBAL_UNCERTAINTY_ASSIGNED_CONTEXT ( ( #2047 ) ) GLOBAL_UNIT_ASSIGNED_CONTEXT ( ( #2007, #672, #1124 ) ) REPRESENTATION_CONTEXT ( 'NONE', 'WORKASPACE' ) );
#1849 = VECTOR ( 'NONE', #1912, 1000.000000000000114 ) ;
#1850 = CARTESIAN_POINT ( 'NONE',  ( 2.550000000000000266, 1.500000000000000444, -1.100000000000000089 ) ) ;
#1851 = VECTOR ( 'NONE', #380, 1000.000000000000000 ) ;
#1852 = VERTEX_POINT ( 'NONE', #739 ) ;
#1853 = AXIS2_PLACEMENT_3D ( 'NONE', #509, #1129, #1714 ) ;
#1854 = PLANE ( 'NONE',  #1857 ) ;
#1855 = FACE_OUTER_BOUND ( 'NONE', #1612, .T. ) ;
#1856 = VERTEX_POINT ( 'NONE', #348 ) ;
#1857 = AXIS2_PLACEMENT_3D ( 'NONE', #97, #1475, #647 ) ;
#1858 = ORIENTED_EDGE ( 'NONE', *, *, #1046, .F. ) ;
#1859 = VECTOR ( 'NONE', #1293, 1000.000000000000000 ) ;
#1860 = VECTOR ( 'NONE', #1661, 1000.000000000000000 ) ;
#1861 = DIRECTION ( 'NONE',  ( 0.000000000000000000, 1.000000000000000000, 0.000000000000000000 ) ) ;
#1862 = EDGE_LOOP ( 'NONE', ( #266, #2033, #2544, #1884 ) ) ;
#1863 = VECTOR ( 'NONE', #894, 1000.000000000000114 ) ;
#1864 = EDGE_LOOP ( 'NONE', ( #715, #1435, #2002, #1252 ) ) ;
#1865 = DIRECTION ( 'NONE',  ( -0.000000000000000000, -0.000000000000000000, -1.000000000000000000 ) ) ;
#1866 = ORIENTED_EDGE ( 'NONE', *, *, #823, .T. ) ;
#1867 = LINE ( 'NONE', #637, #114 ) ;
#1868 = CARTESIAN_POINT ( 'NONE',  ( -2.550000000000000266, 1.370000000000000551, 3.084943324127921382 ) ) ;
#1869 = ADVANCED_FACE ( 'NONE', ( #511 ), #2085, .T. ) ;
#1870 = CARTESIAN_POINT ( 'NONE',  ( 2.850000000000000089, 1.350000000000000533, 1.100000000000000311 ) ) ;
#1871 = ORIENTED_EDGE ( 'NONE', *, *, #1045, .F. ) ;
#1872 = LINE ( 'NONE', #484, #1933 ) ;
#1873 = ORIENTED_EDGE ( 'NONE', *, *, #958, .T. ) ;
#1874 = EDGE_CURVE ( 'NONE', #2447, #1132, #900, .T. ) ;
#1875 = EDGE_CURVE ( 'NONE', #1588, #2364, #503, .T. ) ;
#1876 = FACE_OUTER_BOUND ( 'NONE', #1753, .T. ) ;
#1877 = EDGE_CURVE ( 'NONE', #689, #1140, #290, .T. ) ;
#1878 = LINE ( 'NONE', #1091, #2478 ) ;
#1879 = CARTESIAN_POINT ( 'NONE',  ( -2.850000000000000089, 1.350000000000000533, -1.100000000000000089 ) ) ;
#1880 = ORIENTED_EDGE ( 'NONE', *, *, #2355, .F. ) ;
#1881 = LINE ( 'NONE', #2237, #2475 ) ;
#1882 = CARTESIAN_POINT ( 'NONE',  ( -1.984517536199902565, 2.700000000000000178, 1.436264737416298232 ) ) ;
#1883 = CARTESIAN_POINT ( 'NONE',  ( -2.780009069179261161, 2.299999999999999822, 1.530009069179260939 ) ) ;
#1884 = ORIENTED_EDGE ( 'NONE', *, *, #2072, .F. ) ;
#1885 = LINE ( 'NONE', #1899, #1532 ) ;
#1886 = CARTESIAN_POINT ( 'NONE',  ( 2.850000000000000089, 1.499999999999999778, -1.599999999999999645 ) ) ;
#1887 = PLANE ( 'NONE',  #944 ) ;
#1888 = CARTESIAN_POINT ( 'NONE',  ( 2.850000000000000089, 1.350000000000000533, 3.084943324127921382 ) ) ;
#1889 = VECTOR ( 'NONE', #2514, 1000.000000000000000 ) ;
#1890 = AXIS2_PLACEMENT_3D ( 'NONE', #1316, #551, #106 ) ;
#1891 = EDGE_LOOP ( 'NONE', ( #262, #1008, #2405, #1319 ) ) ;
#1892 = VECTOR ( 'NONE', #866, 1000.000000000000000 ) ;
#1893 = DIRECTION ( 'NONE',  ( -1.000000000000000000, -1.445602896647339706E-15, 0.000000000000000000 ) ) ;
#1894 = EDGE_CURVE ( 'NONE', #2098, #1681, #1, .T. ) ;
#1895 = VECTOR ( 'NONE', #1266, 1000.000000000000000 ) ;
#1896 = EDGE_CURVE ( 'NONE', #554, #421, #817, .T. ) ;
#1897 = VERTEX_POINT ( 'NONE', #428 ) ;
#1898 = VECTOR ( 'NONE', #2008, 1000.000000000000114 ) ;
#1899 = CARTESIAN_POINT ( 'NONE',  ( -1.984517536199903009, 2.700000000000000178, -1.436264737416298676 ) ) ;
#1900 = CARTESIAN_POINT ( 'NONE',  ( -2.870000000000000107, 0.1499999999999990785, -0.5000000000000000000 ) ) ;
#1901 = LINE ( 'NONE', #138, #1146 ) ;
#1902 = ORIENTED_EDGE ( 'NONE', *, *, #182, .F. ) ;
#1903 = ADVANCED_FACE ( 'NONE', ( #1755 ), #388, .F. ) ;
#1904 = ADVANCED_FACE ( 'NONE', ( #1798 ), #414, .F. ) ;
#1905 = CARTESIAN_POINT ( 'NONE',  ( -1.984517536199903009, 2.700000000000000178, -0.1500000000000001610 ) ) ;
#1906 = LINE ( 'NONE', #335, #2179 ) ;
#1907 = ORIENTED_EDGE ( 'NONE', *, *, #1077, .F. ) ;
#1908 = CARTESIAN_POINT ( 'NONE',  ( -2.550000000000000266, 1.500000000000000444, 1.100000000000000311 ) ) ;
#1909 = ORIENTED_EDGE ( 'NONE', *, *, #1381, .F. ) ;
#1910 = DIRECTION ( 'NONE',  ( 0.08715574274765820750, -0.9961946980917455452, 0.000000000000000000 ) ) ;
#1911 = ORIENTED_EDGE ( 'NONE', *, *, #1344, .T. ) ;
#1912 = DIRECTION ( 'NONE',  ( -0.08682659386424762538, -0.9924325091389669673, 0.08682659386424762538 ) ) ;
#1913 = CARTESIAN_POINT ( 'NONE',  ( -2.850000000000000089, 1.350000000000000533, 3.084943324127921382 ) ) ;
#1914 = DIRECTION ( 'NONE',  ( 8.613419869192900503E-16, -0.000000000000000000, 1.000000000000000000 ) ) ;
#1915 = CARTESIAN_POINT ( 'NONE',  ( 2.550000000000000266, 1.370000000000000551, 1.100000000000000311 ) ) ;
#1916 = ORIENTED_EDGE ( 'NONE', *, *, #984, .T. ) ;
#1917 = DIRECTION ( 'NONE',  ( 0.000000000000000000, 0.000000000000000000, -1.000000000000000000 ) ) ;
#1918 = CARTESIAN_POINT ( 'NONE',  ( -1.984517536199903009, 2.799999999999999822, -1.436264737416298676 ) ) ;
#1919 = ADVANCED_FACE ( 'NONE', ( #1987 ), #2152, .F. ) ;
#1920 = EDGE_CURVE ( 'NONE', #2449, #2212, #1959, .T. ) ;
#1921 = ORIENTED_EDGE ( 'NONE', *, *, #2366, .F. ) ;
#1922 = CIRCLE ( 'NONE', #1765, 0.02000000000000005246 ) ;
#1923 = DIRECTION ( 'NONE',  ( -3.371629932616596930E-16, 0.000000000000000000, -1.000000000000000000 ) ) ;
#1924 = AXIS2_PLACEMENT_3D ( 'NONE', #85, #2233, #57 ) ;
#1925 = DIRECTION ( 'NONE',  ( -0.000000000000000000, -0.000000000000000000, -1.000000000000000000 ) ) ;
#1926 = DIRECTION ( 'NONE',  ( 0.000000000000000000, 0.000000000000000000, 1.000000000000000000 ) ) ;
#1927 =( GEOMETRIC_REPRESENTATION_CONTEXT ( 3 ) GLOBAL_UNCERTAINTY_ASSIGNED_CONTEXT ( ( #1291 ) ) GLOBAL_UNIT_ASSIGNED_CONTEXT ( ( #1301, #272, #1625 ) ) REPRESENTATION_CONTEXT ( 'NONE', 'WORKASPACE' ) );
#1928 = CARTESIAN_POINT ( 'NONE',  ( -2.110391136808100754, 2.700000000000000178, 0.005421480722350002952 ) ) ;
#1929 = AXIS2_PLACEMENT_3D ( 'NONE', #2234, #679, #257 ) ;
#1930 = LINE ( 'NONE', #1154, #2303 ) ;
#1931 = DIRECTION ( 'NONE',  ( -0.000000000000000000, 0.000000000000000000, -1.000000000000000000 ) ) ;
#1932 = CIRCLE ( 'NONE', #1039, 0.1999999999999999833 ) ;
#1933 = VECTOR ( 'NONE', #1540, 1000.000000000000000 ) ;
#1934 = CARTESIAN_POINT ( 'NONE',  ( 2.850000000000000089, 0.1499999999999997446, 3.084943324127921382 ) ) ;
#1935 = ORIENTED_EDGE ( 'NONE', *, *, #469, .F. ) ;
#1936 = ADVANCED_FACE ( 'NONE', ( #2378 ), #2532, .F. ) ;
#1937 = COLOUR_RGB ( '',0.4862745098039215619, 0.2352941176470588203, 0.01568627450980392135 ) ;
#1938 = LINE ( 'NONE', #555, #2472 ) ;
#1939 = VERTEX_POINT ( 'NONE', #2334 ) ;
#1940 = DIRECTION ( 'NONE',  ( -0.000000000000000000, -0.000000000000000000, -1.000000000000000000 ) ) ;
#1941 = DIRECTION ( 'NONE',  ( -0.000000000000000000, -0.000000000000000000, 1.000000000000000000 ) ) ;
#1942 = LINE ( 'NONE', #2177, #160 ) ;
#1943 = DIRECTION ( 'NONE',  ( -1.000000000000000000, 0.000000000000000000, 0.000000000000000000 ) ) ;
#1944 = DIRECTION ( 'NONE',  ( 0.000000000000000000, 1.000000000000000000, 0.000000000000000000 ) ) ;
#1945 = ORIENTED_EDGE ( 'NONE', *, *, #854, .T. ) ;
#1946 = ADVANCED_FACE ( 'NONE', ( #1002 ), #162, .T. ) ;
#1947 = ADVANCED_FACE ( 'NONE', ( #577 ), #2193, .F. ) ;
#1948 = CARTESIAN_POINT ( 'NONE',  ( 2.850000000000000089, 1.499999999999999778, 1.600000000000000311 ) ) ;
#1949 = DIRECTION ( 'NONE',  ( -1.885568995626964287E-16, 1.000000000000000000, 0.000000000000000000 ) ) ;
#1950 = ADVANCED_FACE ( 'NONE', ( #982 ), #956, .F. ) ;
#1951 = ORIENTED_EDGE ( 'NONE', *, *, #1985, .T. ) ;
#1952 = FACE_OUTER_BOUND ( 'NONE', #1064, .T. ) ;
#1953 = DIRECTION ( 'NONE',  ( -0.000000000000000000, 0.000000000000000000, -1.000000000000000000 ) ) ;
#1954 = ORIENTED_EDGE ( 'NONE', *, *, #1790, .T. ) ;
#1955 = CARTESIAN_POINT ( 'NONE',  ( -2.850000000000000089, 1.350000000000000533, 1.100000000000000311 ) ) ;
#1956 = LINE ( 'NONE', #2163, #999 ) ;
#1957 = ORIENTED_EDGE ( 'NONE', *, *, #674, .T. ) ;
#1958 = CARTESIAN_POINT ( 'NONE',  ( 2.550000000000000266, 1.370000000000000551, -1.100000000000000089 ) ) ;
#1959 = LINE ( 'NONE', #1199, #2395 ) ;
#1960 = DIRECTION ( 'NONE',  ( -3.371629932616596930E-16, 0.000000000000000000, -1.000000000000000000 ) ) ;
#1961 = ORIENTED_EDGE ( 'NONE', *, *, #2330, .T. ) ;
#1962 = CARTESIAN_POINT ( 'NONE',  ( -2.550000000000000266, 1.370000000000000551, -1.100000000000000089 ) ) ;
#1963 = DIRECTION ( 'NONE',  ( 0.08715574274765820750, 0.9961946980917455452, 0.000000000000000000 ) ) ;
#1964 = CLOSED_SHELL ( 'NONE', ( #390, #2059, #1825, #1869, #1431, #524, #1971, #1946, #422, #2526, #2276, #1142, #1286, #572, #235, #908, #2411, #804, #1096, #2413, #2154, #1904, #654, #1950, #2437, #1150, #1522, #1947, #2549, #1800, #2173, #1234, #1080, #1936, #1782, #1819, #2004 ) ) ;
#1965 = ORIENTED_EDGE ( 'NONE', *, *, #2275, .T. ) ;
#1966 = DIRECTION ( 'NONE',  ( 0.000000000000000000, 0.000000000000000000, 1.000000000000000000 ) ) ;
#1967 = DIRECTION ( 'NONE',  ( -1.000000000000000000, -6.195440985631446443E-16, -0.000000000000000000 ) ) ;
#1968 = VECTOR ( 'NONE', #1963, 1000.000000000000114 ) ;
#1969 = ORIENTED_EDGE ( 'NONE', *, *, #232, .F. ) ;
#1970 = VECTOR ( 'NONE', #1941, 1000.000000000000000 ) ;
#1971 = ADVANCED_FACE ( 'NONE', ( #600, #1596, #1215 ), #617, .T. ) ;
#1972 = CARTESIAN_POINT ( 'NONE',  ( -2.838626473741630019, 1.370000000000000551, 1.600000000000000311 ) ) ;
#1973 = DIRECTION ( 'NONE',  ( 0.000000000000000000, -0.000000000000000000, 1.000000000000000000 ) ) ;
#1974 = EDGE_LOOP ( 'NONE', ( #192, #1799, #405, #2025 ) ) ;
#1975 = EDGE_CURVE ( 'NONE', #2223, #1205, #767, .T. ) ;
#1976 = VECTOR ( 'NONE', #932, 1000.000000000000000 ) ;
#1977 = FILL_AREA_STYLE ('',( #1020 ) ) ;
#1978 = AXIS2_PLACEMENT_3D ( 'NONE', #1392, #1944, #1973 ) ;
#1979 = VERTEX_POINT ( 'NONE', #219 ) ;
#1980 = CARTESIAN_POINT ( 'NONE',  ( 2.850000000000000089, 1.500000000000000000, 1.100000000000000311 ) ) ;
#1981 = AXIS2_PLACEMENT_3D ( 'NONE', #2062, #1128, #2309 ) ;
#1982 = EDGE_CURVE ( 'NONE', #1489, #80, #1210, .T. ) ;
#1983 = VERTEX_POINT ( 'NONE', #1611 ) ;
#1984 = CARTESIAN_POINT ( 'NONE',  ( 1.399999999999999911, 0.000000000000000000, 1.199999999999999289 ) ) ;
#1985 = EDGE_CURVE ( 'NONE', #1588, #1466, #1421, .T. ) ;
#1986 = CARTESIAN_POINT ( 'NONE',  ( -2.550000000000000266, 1.370000000000000551, -1.100000000000000089 ) ) ;
#1987 = FACE_OUTER_BOUND ( 'NONE', #865, .T. ) ;
#1988 = ORIENTED_EDGE ( 'NONE', *, *, #1501, .F. ) ;
#1989 = FACE_OUTER_BOUND ( 'NONE', #2335, .T. ) ;
#1990 = FACE_OUTER_BOUND ( 'NONE', #2505, .T. ) ;
#1991 = COLOUR_RGB ( '',0.7921568627450980005, 0.8196078431372548767, 0.9333333333333333481 ) ;
#1992 = ORIENTED_EDGE ( 'NONE', *, *, #1747, .F. ) ;
#1993 = CARTESIAN_POINT ( 'NONE',  ( 2.850000000000000089, 1.370000000000000551, -1.100000000000000089 ) ) ;
#1994 = ORIENTED_EDGE ( 'NONE', *, *, #2460, .T. ) ;
#1995 = LINE ( 'NONE', #1429, #2093 ) ;
#1996 = DIRECTION ( 'NONE',  ( 1.000000000000000000, 0.000000000000000000, 0.000000000000000000 ) ) ;
#1997 = DIRECTION ( 'NONE',  ( -0.08715574274765820750, 0.9961946980917455452, -1.800127426482687881E-16 ) ) ;
#1998 = ORIENTED_EDGE ( 'NONE', *, *, #1230, .T. ) ;
#1999 = PLANE ( 'NONE',  #2511 ) ;
#2000 = ORIENTED_EDGE ( 'NONE', *, *, #792, .T. ) ;
#2001 = CARTESIAN_POINT ( 'NONE',  ( 2.850000000000000089, 0.1499999999999997446, -1.100000000000000089 ) ) ;
#2002 = ORIENTED_EDGE ( 'NONE', *, *, #2285, .T. ) ;
#2003 = CARTESIAN_POINT ( 'NONE',  ( -2.870000000000000107, 0.1499999999999992728, 0.5000000000000000000 ) ) ;
#2004 = ADVANCED_FACE ( 'NONE', ( #2214 ), #2044, .F. ) ;
#2005 = ADVANCED_FACE ( 'NONE', ( #1468 ), #1810, .T. ) ;
#2006 = ORIENTED_EDGE ( 'NONE', *, *, #2539, .T. ) ;
#2007 =( LENGTH_UNIT ( ) NAMED_UNIT ( * ) SI_UNIT ( .MILLI., .METRE. ) );
#2008 = DIRECTION ( 'NONE',  ( -0.08682659386424762538, 0.9924325091389669673, -0.08682659386424762538 ) ) ;
#2009 = LINE ( 'NONE', #246, #1283 ) ;
#2010 = CIRCLE ( 'NONE', #324, 0.1499999999999995226 ) ;
#2011 = EDGE_LOOP ( 'NONE', ( #1576, #648, #109, #2210, #2512, #1250, #277, #233, #1200, #72, #1003, #1594 ) ) ;
#2012 = CARTESIAN_POINT ( 'NONE',  ( -1.700000000000000178, 0.000000000000000000, -1.100000000000000089 ) ) ;
#2013 = EDGE_CURVE ( 'NONE', #89, #943, #373, .T. ) ;
#2014 = CARTESIAN_POINT ( 'NONE',  ( -2.850000000000000089, 0.1499999999999997446, -1.100000000000000089 ) ) ;
#2015 = DIRECTION ( 'NONE',  ( 0.000000000000000000, 0.000000000000000000, 1.000000000000000000 ) ) ;
#2016 = VECTOR ( 'NONE', #2283, 1000.000000000000000 ) ;
#2017 = AXIS2_PLACEMENT_3D ( 'NONE', #810, #1792, #2172 ) ;
#2018 = ORIENTED_EDGE ( 'NONE', *, *, #2538, .F. ) ;
#2019 = DIRECTION ( 'NONE',  ( -0.000000000000000000, 1.000000000000000000, -0.000000000000000000 ) ) ;
#2020 = AXIS2_PLACEMENT_3D ( 'NONE', #1131, #1315, #113 ) ;
#2021 = ORIENTED_EDGE ( 'NONE', *, *, #2448, .T. ) ;
#2022 = CIRCLE ( 'NONE', #2397, 0.1999999999999999833 ) ;
#2023 = CARTESIAN_POINT ( 'NONE',  ( -3.000000000000000888, 1.499999999999999778, -0.5000000000000002220 ) ) ;
#2024 = DIRECTION ( 'NONE',  ( -0.000000000000000000, -0.000000000000000000, -1.000000000000000000 ) ) ;
#2025 = ORIENTED_EDGE ( 'NONE', *, *, #2564, .F. ) ;
#2026 = ORIENTED_EDGE ( 'NONE', *, *, #73, .F. ) ;
#2027 = DIRECTION ( 'NONE',  ( -1.000000000000000000, 0.000000000000000000, 0.000000000000000000 ) ) ;
#2028 = ORIENTED_EDGE ( 'NONE', *, *, #46, .F. ) ;
#2029 = EDGE_CURVE ( 'NONE', #163, #1184, #2239, .T. ) ;
#2030 = EDGE_LOOP ( 'NONE', ( #1393, #1844, #631, #1465, #847, #1271 ) ) ;
#2031 = LINE ( 'NONE', #293, #864 ) ;
#2032 = CARTESIAN_POINT ( 'NONE',  ( 2.850000000000000089, 0.1299999999999997546, 3.084943324127921382 ) ) ;
#2033 = ORIENTED_EDGE ( 'NONE', *, *, #1334, .F. ) ;
#2034 = ORIENTED_EDGE ( 'NONE', *, *, #312, .F. ) ;
#2035 = CARTESIAN_POINT ( 'NONE',  ( 1.700000000000000178, 0.000000000000000000, 1.100000000000000311 ) ) ;
#2036 = CARTESIAN_POINT ( 'NONE',  ( 3.000000000000000000, 0.1499999999999997446, -1.100000000000000089 ) ) ;
#2037 = LINE ( 'NONE', #2404, #2048 ) ;
#2038 = ORIENTED_EDGE ( 'NONE', *, *, #2513, .T. ) ;
#2039 = LINE ( 'NONE', #300, #2139 ) ;
#2040 = EDGE_LOOP ( 'NONE', ( #657, #543, #2410, #1546 ) ) ;
#2041 = DIRECTION ( 'NONE',  ( 0.000000000000000000, 0.000000000000000000, -1.000000000000000000 ) ) ;
#2042 = ORIENTED_EDGE ( 'NONE', *, *, #823, .F. ) ;
#2043 = ORIENTED_EDGE ( 'NONE', *, *, #2515, .T. ) ;
#2044 = PLANE ( 'NONE',  #492 ) ;
#2045 = PLANE ( 'NONE',  #604 ) ;
#2046 = ORIENTED_EDGE ( 'NONE', *, *, #2078, .T. ) ;
#2047 = UNCERTAINTY_MEASURE_WITH_UNIT (LENGTH_MEASURE( 1.000000000000000082E-05 ), #2007, 'distance_accuracy_value', 'NONE');
#2048 = VECTOR ( 'NONE', #1836, 1000.000000000000000 ) ;
#2049 = LINE ( 'NONE', #441, #3 ) ;
#2051 = ADVANCED_FACE ( 'NONE', ( #2428 ), #1479, .F. ) ;
#2050 = VERTEX_POINT ( 'NONE', #1249 ) ;
#2052 = VECTOR ( 'NONE', #1442, 1000.000000000000000 ) ;
#2053 = ORIENTED_EDGE ( 'NONE', *, *, #1716, .F. ) ;
#2054 = LINE ( 'NONE', #1049, #1574 ) ;
#2055 = PLANE ( 'NONE',  #2357 ) ;
#2056 = AXIS2_PLACEMENT_3D ( 'NONE', #916, #1111, #2315 ) ;
#2057 = ORIENTED_EDGE ( 'NONE', *, *, #73, .T. ) ;
#2058 = AXIS2_PLACEMENT_3D ( 'NONE', #28, #2363, #589 ) ;
#2059 = ADVANCED_FACE ( 'NONE', ( #1079 ), #1627, .T. ) ;
#2060 = ADVANCED_FACE ( 'NONE', ( #1041 ), #1846, .T. ) ;
#2061 = VECTOR ( 'NONE', #13, 1000.000000000000000 ) ;
#2062 = CARTESIAN_POINT ( 'NONE',  ( -2.110391136808100754, 2.799999999999999822, 0.005421480722350002952 ) ) ;
#2063 = EDGE_CURVE ( 'NONE', #52, #31, #76, .T. ) ;
#2064 = ORIENTED_EDGE ( 'NONE', *, *, #1045, .T. ) ;
#2065 = DIRECTION ( 'NONE',  ( -3.614007241618345813E-16, 1.000000000000000000, 0.000000000000000000 ) ) ;
#2066 = CARTESIAN_POINT ( 'NONE',  ( 2.850000000000000089, 1.500000000000000000, -1.100000000000000089 ) ) ;
#2067 = DIRECTION ( 'NONE',  ( -0.000000000000000000, -0.000000000000000000, -1.000000000000000000 ) ) ;
#2068 = DIRECTION ( 'NONE',  ( 0.000000000000000000, 0.000000000000000000, -1.000000000000000000 ) ) ;
#2069 = ORIENTED_EDGE ( 'NONE', *, *, #1705, .F. ) ;
#2070 = CARTESIAN_POINT ( 'NONE',  ( -2.999999999999999556, 1.350000000000000533, 3.084943324127921382 ) ) ;
#2071 = ORIENTED_EDGE ( 'NONE', *, *, #683, .T. ) ;
#2072 = EDGE_CURVE ( 'NONE', #471, #873, #664, .T. ) ;
#2073 = CARTESIAN_POINT ( 'NONE',  ( 1.399999999999999911, 3.887817782917155629, 1.199999999999999289 ) ) ;
#2074 = EDGE_CURVE ( 'NONE', #1766, #1213, #845, .T. ) ;
#2075 = LINE ( 'NONE', #1143, #370 ) ;
#2076 = DIRECTION ( 'NONE',  ( 0.000000000000000000, 0.000000000000000000, 1.000000000000000000 ) ) ;
#2077 = ORIENTED_EDGE ( 'NONE', *, *, #1670, .F. ) ;
#2078 = EDGE_CURVE ( 'NONE', #678, #29, #837, .T. ) ;
#2079 =( NAMED_UNIT ( * ) PLANE_ANGLE_UNIT ( ) SI_UNIT ( $, .RADIAN. ) );
#2080 = ADVANCED_FACE ( 'NONE', ( #261 ), #2229, .T. ) ;
#2081 = CARTESIAN_POINT ( 'NONE',  ( -2.850000000000000089, 1.500000000000000000, -0.5000000000000004441 ) ) ;
#2082 = VERTEX_POINT ( 'NONE', #1835 ) ;
#2083 = DIRECTION ( 'NONE',  ( -0.000000000000000000, 0.000000000000000000, -1.000000000000000000 ) ) ;
#2084 = VERTEX_POINT ( 'NONE', #464 ) ;
#2085 = PLANE ( 'NONE',  #1823 ) ;
#2086 = ADVANCED_FACE ( 'NONE', ( #1275 ), #282, .T. ) ;
#2087 = DIRECTION ( 'NONE',  ( -1.000000000000000000, -1.445602896647339706E-15, 0.000000000000000000 ) ) ;
#2088 = SURFACE_STYLE_FILL_AREA ( #1135 ) ;
#2089 = VECTOR ( 'NONE', #1524, 1000.000000000000000 ) ;
#2090 = ADVANCED_FACE ( 'NONE', ( #245 ), #1826, .F. ) ;
#2091 = VECTOR ( 'NONE', #2347, 1000.000000000000000 ) ;
#2092 = ORIENTED_EDGE ( 'NONE', *, *, #1684, .F. ) ;
#2093 = VECTOR ( 'NONE', #1794, 1000.000000000000000 ) ;
#2094 = VECTOR ( 'NONE', #1831, 1000.000000000000114 ) ;
#2095 = LINE ( 'NONE', #1491, #2482 ) ;
#2096 = FACE_OUTER_BOUND ( 'NONE', #768, .T. ) ;
#2097 = AXIS2_PLACEMENT_3D ( 'NONE', #16, #1553, #191 ) ;
#2098 = VERTEX_POINT ( 'NONE', #1444 ) ;
#2099 = VECTOR ( 'NONE', #896, 1000.000000000000000 ) ;
#2100 = FACE_OUTER_BOUND ( 'NONE', #595, .T. ) ;
#2101 = ORIENTED_EDGE ( 'NONE', *, *, #2414, .T. ) ;
#2102 = SURFACE_STYLE_FILL_AREA ( #2481 ) ;
#2103 = PLANE ( 'NONE',  #1527 ) ;
#2104 = STYLED_ITEM ( 'NONE', ( #2204 ), #2503 ) ;
#2105 = ORIENTED_EDGE ( 'NONE', *, *, #498, .T. ) ;
#2106 = CARTESIAN_POINT ( 'NONE',  ( -2.870000000000000107, 0.9000000000000004663, -0.5000000000000001110 ) ) ;
#2107 = LINE ( 'NONE', #110, #950 ) ;
#2108 = VERTEX_POINT ( 'NONE', #2036 ) ;
#2109 = DIRECTION ( 'NONE',  ( -0.000000000000000000, -1.000000000000000000, -0.000000000000000000 ) ) ;
#2110 = VERTEX_POINT ( 'NONE', #1503 ) ;
#2111 = EDGE_CURVE ( 'NONE', #297, #1567, #1526, .T. ) ;
#2112 =( NAMED_UNIT ( * ) PLANE_ANGLE_UNIT ( ) SI_UNIT ( $, .RADIAN. ) );
#2113 = DIRECTION ( 'NONE',  ( 0.9961946980917455452, 0.08715574274765820750, 0.000000000000000000 ) ) ;
#2114 = LINE ( 'NONE', #1545, #1279 ) ;
#2115 = ORIENTED_EDGE ( 'NONE', *, *, #2414, .F. ) ;
#2116 = DIRECTION ( 'NONE',  ( -0.000000000000000000, -0.000000000000000000, -1.000000000000000000 ) ) ;
#2117 = LINE ( 'NONE', #2341, #2089 ) ;
#2118 = LINE ( 'NONE', #356, #573 ) ;
#2119 = ORIENTED_EDGE ( 'NONE', *, *, #1670, .T. ) ;
#2120 = DIRECTION ( 'NONE',  ( -1.000000000000000000, 1.445602896647339706E-15, -0.000000000000000000 ) ) ;
#2121 = DIRECTION ( 'NONE',  ( 0.000000000000000000, 1.000000000000000000, 0.000000000000000000 ) ) ;
#2122 = ORIENTED_EDGE ( 'NONE', *, *, #625, .F. ) ;
#2123 = EDGE_CURVE ( 'NONE', #2304, #646, #1872, .T. ) ;
#2124 = CARTESIAN_POINT ( 'NONE',  ( -3.000000000000000444, 0.9000000000000005773, 0.4999999999999998890 ) ) ;
#2125 = DIRECTION ( 'NONE',  ( 0.000000000000000000, -0.08715574274765820750, 0.9961946980917455452 ) ) ;
#2126 = ORIENTED_EDGE ( 'NONE', *, *, #892, .T. ) ;
#2127 = VECTOR ( 'NONE', #1469, 1000.000000000000000 ) ;
#2128 = VECTOR ( 'NONE', #2120, 1000.000000000000000 ) ;
#2129 = VERTEX_POINT ( 'NONE', #517 ) ;
#2130 = CARTESIAN_POINT ( 'NONE',  ( 2.736264737416298942, 0.2000000000000000944, 1.486264737416298942 ) ) ;
#2131 = AXIS2_PLACEMENT_3D ( 'NONE', #2493, #708, #2504 ) ;
#2132 = CARTESIAN_POINT ( 'NONE',  ( -2.850000000000000089, -2.168404344971008868E-16, -1.100000000000000089 ) ) ;
#2133 = EDGE_CURVE ( 'NONE', #1649, #1197, #102, .T. ) ;
#2134 = AXIS2_PLACEMENT_3D ( 'NONE', #1172, #2168, #2336 ) ;
#2135 = ORIENTED_EDGE ( 'NONE', *, *, #2539, .F. ) ;
#2136 = EDGE_CURVE ( 'NONE', #1216, #11, #736, .T. ) ;
#2137 = PLANE ( 'NONE',  #2430 ) ;
#2138 = DIRECTION ( 'NONE',  ( -8.613419869192900503E-16, 0.000000000000000000, -1.000000000000000000 ) ) ;
#2139 = VECTOR ( 'NONE', #1436, 1000.000000000000000 ) ;
#2140 = AXIS2_PLACEMENT_3D ( 'NONE', #1879, #2076, #832 ) ;
#2141 = FACE_OUTER_BOUND ( 'NONE', #2231, .T. ) ;
#2142 =( NAMED_UNIT ( * ) SI_UNIT ( $, .STERADIAN. ) SOLID_ANGLE_UNIT ( ) );
#2143 = DIRECTION ( 'NONE',  ( -0.000000000000000000, 0.000000000000000000, 1.000000000000000000 ) ) ;
#2144 = ORIENTED_EDGE ( 'NONE', *, *, #1219, .T. ) ;
#2145 = CARTESIAN_POINT ( 'NONE',  ( 2.850000000000000089, 1.499999999999999778, 1.100000000000000089 ) ) ;
#2146 = ORIENTED_EDGE ( 'NONE', *, *, #366, .F. ) ;
#2147 = CARTESIAN_POINT ( 'NONE',  ( -2.850000000000000089, 1.499999999999999778, -1.099999999999999867 ) ) ;
#2148 = APPLICATION_CONTEXT ( 'automotive_design' ) ;
#2149 = PLANE ( 'NONE',  #2227 ) ;
#2150 = ORIENTED_EDGE ( 'NONE', *, *, #1493, .F. ) ;
#2151 = DIRECTION ( 'NONE',  ( -0.08682659386424762538, -0.9924325091389669673, -0.08682659386424762538 ) ) ;
#2152 = PLANE ( 'NONE',  #531 ) ;
#2153 = VERTEX_POINT ( 'NONE', #707 ) ;
#2154 = ADVANCED_FACE ( 'NONE', ( #125 ), #2492, .T. ) ;
#2155 = LINE ( 'NONE', #193, #1686 ) ;
#2156 = DIRECTION ( 'NONE',  ( 1.000000000000000000, 0.000000000000000000, 0.000000000000000000 ) ) ;
#2157 = ORIENTED_EDGE ( 'NONE', *, *, #2387, .F. ) ;
#2158 = CARTESIAN_POINT ( 'NONE',  ( -2.236264737416298498, 2.700000000000000178, 1.436264737416298454 ) ) ;
#2159 = CARTESIAN_POINT ( 'NONE',  ( 1.700000000000000178, 0.1299999999999999212, 3.084943324127921382 ) ) ;
#2160 = EDGE_CURVE ( 'NONE', #2407, #696, #2107, .T. ) ;
#2161 = ORIENTED_EDGE ( 'NONE', *, *, #33, .F. ) ;
#2162 = DIRECTION ( 'NONE',  ( -0.000000000000000000, -0.000000000000000000, -1.000000000000000000 ) ) ;
#2163 = CARTESIAN_POINT ( 'NONE',  ( -1.655335693077024439, 0.9000000000000012434, -0.5000000000000001110 ) ) ;
#2164 = ORIENTED_EDGE ( 'NONE', *, *, #1740, .F. ) ;
#2165 = CARTESIAN_POINT ( 'NONE',  ( -1.700000000000000178, 0.1299999999999999212, 1.100000000000000311 ) ) ;
#2166 = CARTESIAN_POINT ( 'NONE',  ( -2.236264737416298942, 2.700000000000000178, -1.436264737416298454 ) ) ;
#2167 = EDGE_LOOP ( 'NONE', ( #2257, #2274, #1537, #2241 ) ) ;
#2168 = DIRECTION ( 'NONE',  ( 0.000000000000000000, 0.000000000000000000, 1.000000000000000000 ) ) ;
#2169 = LINE ( 'NONE', #1789, #2562 ) ;
#2170 = EDGE_CURVE ( 'NONE', #1102, #297, #2095, .T. ) ;
#2171 = ORIENTED_EDGE ( 'NONE', *, *, #575, .F. ) ;
#2172 = DIRECTION ( 'NONE',  ( 0.000000000000000000, 0.000000000000000000, -1.000000000000000000 ) ) ;
#2173 = ADVANCED_FACE ( 'NONE', ( #508 ), #333, .F. ) ;
#2174 = AXIS2_PLACEMENT_3D ( 'NONE', #1534, #2125, #1698 ) ;
#2175 = AXIS2_PLACEMENT_3D ( 'NONE', #734, #1194, #1539 ) ;
#2176 = VERTEX_POINT ( 'NONE', #1905 ) ;
#2177 = CARTESIAN_POINT ( 'NONE',  ( -1.400000000000000133, 0.000000000000000000, 1.199999999999999734 ) ) ;
#2178 = VECTOR ( 'NONE', #1391, 1000.000000000000000 ) ;
#2179 = VECTOR ( 'NONE', #1311, 1000.000000000000000 ) ;
#2180 = CARTESIAN_POINT ( 'NONE',  ( 1.700000000000000178, 0.1299999999999999212, -1.100000000000000089 ) ) ;
#2181 = DIRECTION ( 'NONE',  ( -1.000000000000000000, 0.000000000000000000, 3.371629932616595944E-16 ) ) ;
#2182 = VERTEX_POINT ( 'NONE', #1106 ) ;
#2183 = VECTOR ( 'NONE', #1298, 1000.000000000000000 ) ;
#2184 = VECTOR ( 'NONE', #1253, 1000.000000000000000 ) ;
#2185 = PLANE ( 'NONE',  #2134 ) ;
#2186 = VECTOR ( 'NONE', #1861, 1000.000000000000000 ) ;
#2187 = EDGE_LOOP ( 'NONE', ( #443, #850, #93, #2119 ) ) ;
#2188 = DIRECTION ( 'NONE',  ( -1.000000000000000000, 1.445602896647339706E-15, 0.000000000000000000 ) ) ;
#2189 = AXIS2_PLACEMENT_3D ( 'NONE', #641, #1671, #870 ) ;
#2190 = DIRECTION ( 'NONE',  ( 1.000000000000000000, 0.000000000000000000, -0.000000000000000000 ) ) ;
#2191 = CYLINDRICAL_SURFACE ( 'NONE', #1212, 0.1499999999999995226 ) ;
#2192 = CARTESIAN_POINT ( 'NONE',  ( 2.850000000000000089, 1.499999999999999778, -1.599999999999999645 ) ) ;
#2193 = PLANE ( 'NONE',  #43 ) ;
#2194 = LINE ( 'NONE', #1277, #2255 ) ;
#2195 = EDGE_CURVE ( 'NONE', #1979, #809, #123, .T. ) ;
#2196 = CARTESIAN_POINT ( 'NONE',  ( 3.000000000000000000, 0.1499999999999997446, 3.084943324127921382 ) ) ;
#2197 = CARTESIAN_POINT ( 'NONE',  ( -2.838626473741630463, 1.370000000000000551, 0.4999999999999997780 ) ) ;
#2198 = CARTESIAN_POINT ( 'NONE',  ( 0.000000000000000000, 0.000000000000000000, 0.000000000000000000 ) ) ;
#2199 = ORIENTED_EDGE ( 'NONE', *, *, #2013, .T. ) ;
#2200 = CARTESIAN_POINT ( 'NONE',  ( 2.870000000000000107, 1.350000000000000533, 3.084943324127921382 ) ) ;
#2201 = ORIENTED_EDGE ( 'NONE', *, *, #697, .T. ) ;
#2202 = ORIENTED_EDGE ( 'NONE', *, *, #2013, .F. ) ;
#2203 = CARTESIAN_POINT ( 'NONE',  ( 2.736264737416298942, 2.799999999999999822, -1.486264737416298276 ) ) ;
#2204 = PRESENTATION_STYLE_ASSIGNMENT (( #1626 ) ) ;
#2205 = DIRECTION ( 'NONE',  ( -1.000000000000000000, 0.000000000000000000, 0.000000000000000000 ) ) ;
#2206 = DIRECTION ( 'NONE',  ( -1.000000000000000000, 0.000000000000000000, 0.000000000000000000 ) ) ;
#2207 = ORIENTED_EDGE ( 'NONE', *, *, #1845, .F. ) ;
#2208 = DIRECTION ( 'NONE',  ( 9.035018104045870694E-17, 0.000000000000000000, -1.000000000000000000 ) ) ;
#2209 = DIRECTION ( 'NONE',  ( 0.000000000000000000, 1.000000000000000000, 0.000000000000000000 ) ) ;
#2210 = ORIENTED_EDGE ( 'NONE', *, *, #1368, .T. ) ;
#2211 = DIRECTION ( 'NONE',  ( 0.000000000000000000, 0.000000000000000000, 1.000000000000000000 ) ) ;
#2212 = VERTEX_POINT ( 'NONE', #1915 ) ;
#2213 = EDGE_CURVE ( 'NONE', #2484, #2412, #254, .T. ) ;
#2214 = FACE_OUTER_BOUND ( 'NONE', #1438, .T. ) ;
#2215 = EDGE_CURVE ( 'NONE', #280, #2382, #346, .T. ) ;
#2216 = DIRECTION ( 'NONE',  ( -0.000000000000000000, -0.000000000000000000, -1.000000000000000000 ) ) ;
#2217 = VECTOR ( 'NONE', #548, 1000.000000000000000 ) ;
#2218 = ORIENTED_EDGE ( 'NONE', *, *, #445, .F. ) ;
#2219 = CARTESIAN_POINT ( 'NONE',  ( -2.236264737416298942, 2.700000000000000178, 0.1499999999999999944 ) ) ;
#2220 = ORIENTED_EDGE ( 'NONE', *, *, #2285, .F. ) ;
#2221 = STYLED_ITEM ( 'NONE', ( #330 ), #981 ) ;
#2222 = VECTOR ( 'NONE', #1676, 1000.000000000000000 ) ;
#2223 = VERTEX_POINT ( 'NONE', #1117 ) ;
#2224 = CARTESIAN_POINT ( 'NONE',  ( 2.850000000000000089, 0.1299999999999997546, -1.100000000000000089 ) ) ;
#2225 = AXIS2_PLACEMENT_3D ( 'NONE', #210, #276, #2256 ) ;
#2226 = ORIENTED_EDGE ( 'NONE', *, *, #920, .F. ) ;
#2227 = AXIS2_PLACEMENT_3D ( 'NONE', #386, #1183, #2068 ) ;
#2228 = SURFACE_SIDE_STYLE ('',( #1658 ) ) ;
#2229 = CYLINDRICAL_SURFACE ( 'NONE', #1163, 0.1499999999999995226 ) ;
#2230 = EDGE_LOOP ( 'NONE', ( #291, #131, #1053, #1998 ) ) ;
#2231 = EDGE_LOOP ( 'NONE', ( #1604, #1839, #851, #948 ) ) ;
#2232 = LINE ( 'NONE', #54, #1859 ) ;
#2233 = DIRECTION ( 'NONE',  ( 1.119518429354559802E-31, -1.807003620809176851E-16, -1.000000000000000000 ) ) ;
#2234 = CARTESIAN_POINT ( 'NONE',  ( -1.655335693077024439, 0.9000000000000014655, 0.4999999999999998890 ) ) ;
#2235 = ORIENTED_EDGE ( 'NONE', *, *, #1370, .T. ) ;
#2236 = EDGE_LOOP ( 'NONE', ( #1390, #96, #1221, #1687 ) ) ;
#2237 = CARTESIAN_POINT ( 'NONE',  ( -1.984517536199903009, 2.700000000000000178, 0.1499999999999999389 ) ) ;
#2238 = CARTESIAN_POINT ( 'NONE',  ( -1.700000000000000178, 0.000000000000000000, -1.100000000000000089 ) ) ;
#2239 = LINE ( 'NONE', #39, #1898 ) ;
#2240 = CARTESIAN_POINT ( 'NONE',  ( 2.850000000000000089, -2.168404344971008868E-16, 1.100000000000000311 ) ) ;
#2241 = ORIENTED_EDGE ( 'NONE', *, *, #253, .F. ) ;
#2242 = LINE ( 'NONE', #1044, #2439 ) ;
#2243 = VERTEX_POINT ( 'NONE', #2519 ) ;
#2244 = ORIENTED_EDGE ( 'NONE', *, *, #2078, .F. ) ;
#2245 = CARTESIAN_POINT ( 'NONE',  ( 2.850000000000000089, 2.799999999999999822, 1.486264737416298942 ) ) ;
#2246 = CARTESIAN_POINT ( 'NONE',  ( -2.870000000000000107, 0.9000000000000012434, 3.084943324127921382 ) ) ;
#2247 = EDGE_CURVE ( 'NONE', #2153, #645, #308, .T. ) ;
#2248 = CARTESIAN_POINT ( 'NONE',  ( 2.850000000000000089, 1.350000000000000533, -1.100000000000000089 ) ) ;
#2249 = EDGE_CURVE ( 'NONE', #321, #1806, #1712, .T. ) ;
#2250 = VERTEX_POINT ( 'NONE', #535 ) ;
#2251 = EDGE_CURVE ( 'NONE', #2399, #1460, #499, .T. ) ;
#2252 = DIRECTION ( 'NONE',  ( -0.000000000000000000, 1.000000000000000000, -0.000000000000000000 ) ) ;
#2253 = CARTESIAN_POINT ( 'NONE',  ( -2.780009069179261161, 2.299999999999999822, -1.599999999999999645 ) ) ;
#2254 = EDGE_LOOP ( 'NONE', ( #189, #1437, #639, #1353 ) ) ;
#2255 = VECTOR ( 'NONE', #1458, 1000.000000000000114 ) ;
#2256 = DIRECTION ( 'NONE',  ( 1.000000000000000000, -1.649872871173594090E-16, 0.000000000000000000 ) ) ;
#2257 = ORIENTED_EDGE ( 'NONE', *, *, #14, .F. ) ;
#2258 = VECTOR ( 'NONE', #179, 1000.000000000000000 ) ;
#2259 = DIRECTION ( 'NONE',  ( -0.000000000000000000, -1.000000000000000000, -0.000000000000000000 ) ) ;
#2260 = COLOUR_RGB ( '',0.4862745098039215619, 0.2352941176470588203, 0.01568627450980392135 ) ;
#2261 = DIRECTION ( 'NONE',  ( -0.000000000000000000, -0.000000000000000000, -1.000000000000000000 ) ) ;
#2262 = DIRECTION ( 'NONE',  ( -0.000000000000000000, -0.000000000000000000, -1.000000000000000000 ) ) ;
#2263 = AXIS2_PLACEMENT_3D ( 'NONE', #2200, #432, #582 ) ;
#2264 = ORIENTED_EDGE ( 'NONE', *, *, #575, .T. ) ;
#2265 = VECTOR ( 'NONE', #840, 1000.000000000000000 ) ;
#2266 = DIRECTION ( 'NONE',  ( -1.000000000000000000, 1.649872871173594090E-16, 0.000000000000000000 ) ) ;
#2267 = VECTOR ( 'NONE', #1333, 1000.000000000000000 ) ;
#2268 = DIRECTION ( 'NONE',  ( 0.000000000000000000, 0.000000000000000000, -1.000000000000000000 ) ) ;
#2269 = ORIENTED_EDGE ( 'NONE', *, *, #1219, .F. ) ;
#2270 = ORIENTED_EDGE ( 'NONE', *, *, #334, .F. ) ;
#2271 = DIRECTION ( 'NONE',  ( 3.371629932616595944E-16, 0.000000000000000000, 1.000000000000000000 ) ) ;
#2272 = VERTEX_POINT ( 'NONE', #921 ) ;
#2273 = ADVANCED_FACE ( 'NONE', ( #1302 ), #1139, .F. ) ;
#2274 = ORIENTED_EDGE ( 'NONE', *, *, #702, .F. ) ;
#2275 = EDGE_CURVE ( 'NONE', #846, #1580, #142, .T. ) ;
#2276 = ADVANCED_FACE ( 'NONE', ( #1389, #24 ), #799, .F. ) ;
#2277 = DIRECTION ( 'NONE',  ( -0.000000000000000000, -0.000000000000000000, -1.000000000000000000 ) ) ;
#2278 = FILL_AREA_STYLE ('',( #495 ) ) ;
#2279 = ORIENTED_EDGE ( 'NONE', *, *, #435, .F. ) ;
#2280 = AXIS2_PLACEMENT_3D ( 'NONE', #2198, #1614, #1816 ) ;
#2281 = LINE ( 'NONE', #2238, #1690 ) ;
#2282 = DIRECTION ( 'NONE',  ( -1.000000000000000000, 0.000000000000000000, 0.000000000000000000 ) ) ;
#2283 = DIRECTION ( 'NONE',  ( -0.000000000000000000, -0.000000000000000000, 1.000000000000000000 ) ) ;
#2284 = VERTEX_POINT ( 'NONE', #1752 ) ;
#2285 = EDGE_CURVE ( 'NONE', #873, #1205, #598, .T. ) ;
#2286 = CARTESIAN_POINT ( 'NONE',  ( 2.736264737416298942, 0.2000000000000000944, -1.486264737416298276 ) ) ;
#2287 = DIRECTION ( 'NONE',  ( 0.000000000000000000, 0.08715574274765820750, -0.9961946980917455452 ) ) ;
#2288 = FACE_OUTER_BOUND ( 'NONE', #409, .T. ) ;
#2289 = CARTESIAN_POINT ( 'NONE',  ( -2.110391136808100754, 2.700000000000000178, -0.005421480722350177292 ) ) ;
#2290 = ORIENTED_EDGE ( 'NONE', *, *, #2354, .T. ) ;
#2291 = PLANE ( 'NONE',  #774 ) ;
#2292 = CARTESIAN_POINT ( 'NONE',  ( -2.110391136808100754, 2.700000000000000178, -0.005421480722350177292 ) ) ;
#2293 = CARTESIAN_POINT ( 'NONE',  ( 1.700000000000000178, 0.1299999999999999212, -1.100000000000000089 ) ) ;
#2294 = VERTEX_POINT ( 'NONE', #977 ) ;
#2295 = CARTESIAN_POINT ( 'NONE',  ( -2.850000000000000089, 1.350000000000000533, -1.100000000000000089 ) ) ;
#2296 = EDGE_CURVE ( 'NONE', #2412, #1449, #814, .T. ) ;
#2297 = VECTOR ( 'NONE', #200, 1000.000000000000000 ) ;
#2298 = PRESENTATION_STYLE_ASSIGNMENT (( #724 ) ) ;
#2299 = DIRECTION ( 'NONE',  ( 0.000000000000000000, 0.000000000000000000, -1.000000000000000000 ) ) ;
#2300 = LINE ( 'NONE', #526, #1976 ) ;
#2301 = CARTESIAN_POINT ( 'NONE',  ( 2.550000000000000266, 1.500000000000000444, 3.084943324127921382 ) ) ;
#2302 = AXIS2_PLACEMENT_3D ( 'NONE', #713, #1517, #2299 ) ;
#2303 = VECTOR ( 'NONE', #2546, 1000.000000000000000 ) ;
#2304 = VERTEX_POINT ( 'NONE', #2132 ) ;
#2305 = DIRECTION ( 'NONE',  ( -0.000000000000000000, -0.000000000000000000, -1.000000000000000000 ) ) ;
#2306 = VECTOR ( 'NONE', #2305, 1000.000000000000000 ) ;
#2307 = AXIS2_PLACEMENT_3D ( 'NONE', #430, #580, #6 ) ;
#2308 = DIRECTION ( 'NONE',  ( -0.08715574274765820750, 0.9961946980917455452, 0.000000000000000000 ) ) ;
#2309 = DIRECTION ( 'NONE',  ( 0.000000000000000000, 0.000000000000000000, 1.000000000000000000 ) ) ;
#2310 = STYLED_ITEM ( 'NONE', ( #1802 ), #1583 ) ;
#2311 = ORIENTED_EDGE ( 'NONE', *, *, #854, .F. ) ;
#2312 = VECTOR ( 'NONE', #295, 1000.000000000000000 ) ;
#2313 = DIRECTION ( 'NONE',  ( 0.000000000000000000, 0.000000000000000000, 1.000000000000000000 ) ) ;
#2314 = CARTESIAN_POINT ( 'NONE',  ( -2.999999999999999556, 1.350000000000000533, -1.100000000000000089 ) ) ;
#2315 = DIRECTION ( 'NONE',  ( 1.000000000000000000, 0.000000000000000000, 0.000000000000000000 ) ) ;
#2316 = EDGE_LOOP ( 'NONE', ( #939, #384, #1280, #1492 ) ) ;
#2317 = CARTESIAN_POINT ( 'NONE',  ( -2.807028512808218412, 1.991166346129506159, 1.557028512808218412 ) ) ;
#2318 = DIRECTION ( 'NONE',  ( 0.9961946980917455452, -0.08715574274765820750, 0.000000000000000000 ) ) ;
#2319 = CARTESIAN_POINT ( 'NONE',  ( -1.984517536199903009, 2.799999999999999822, -1.436264737416298676 ) ) ;
#2320 = ADVANCED_FACE ( 'NONE', ( #375 ), #175, .T. ) ;
#2321 = MECHANICAL_DESIGN_GEOMETRIC_PRESENTATION_REPRESENTATION (  '', ( #1174 ), #301 ) ;
#2322 = ORIENTED_EDGE ( 'NONE', *, *, #757, .F. ) ;
#2323 = LINE ( 'NONE', #1595, #2128 ) ;
#2324 = CARTESIAN_POINT ( 'NONE',  ( 2.850000000000000089, 1.499999999999999778, 1.600000000000000311 ) ) ;
#2325 = CARTESIAN_POINT ( 'NONE',  ( -3.000000000000000000, 0.1499999999999997446, -1.100000000000000089 ) ) ;
#2326 = ORIENTED_EDGE ( 'NONE', *, *, #1845, .T. ) ;
#2327 = EDGE_CURVE ( 'NONE', #394, #2424, #1956, .T. ) ;
#2328 = EDGE_CURVE ( 'NONE', #2212, #2050, #746, .T. ) ;
#2329 = LINE ( 'NONE', #1137, #1809 ) ;
#2330 = EDGE_CURVE ( 'NONE', #1132, #1216, #764, .T. ) ;
#2331 = CARTESIAN_POINT ( 'NONE',  ( -2.850000000000000089, 1.370000000000000551, 0.4999999999999995559 ) ) ;
#2332 = LINE ( 'NONE', #1781, #2061 ) ;
#2333 = DIRECTION ( 'NONE',  ( 3.371629932616595944E-16, 0.000000000000000000, 1.000000000000000000 ) ) ;
#2334 = CARTESIAN_POINT ( 'NONE',  ( -2.236264737416298942, 2.700000000000000178, -1.436264737416298454 ) ) ;
#2335 = EDGE_LOOP ( 'NONE', ( #26, #673, #1513, #1032 ) ) ;
#2336 = DIRECTION ( 'NONE',  ( 1.000000000000000000, 0.000000000000000000, -0.000000000000000000 ) ) ;
#2337 = ORIENTED_EDGE ( 'NONE', *, *, #1790, .F. ) ;
#2338 = PLANE ( 'NONE',  #769 ) ;
#2339 = VECTOR ( 'NONE', #440, 1000.000000000000000 ) ;
#2340 = ORIENTED_EDGE ( 'NONE', *, *, #632, .T. ) ;
#2341 = CARTESIAN_POINT ( 'NONE',  ( -2.850000000000000089, 1.370000000000000551, -1.100000000000000089 ) ) ;
#2342 = COLOUR_RGB ( '',0.7921568627450980005, 0.8196078431372548767, 0.9333333333333333481 ) ;
#2343 = DIRECTION ( 'NONE',  ( -0.000000000000000000, 1.000000000000000000, -0.000000000000000000 ) ) ;
#2344 = EDGE_CURVE ( 'NONE', #1140, #887, #2118, .T. ) ;
#2345 = VECTOR ( 'NONE', #1631, 1000.000000000000000 ) ;
#2346 = EDGE_LOOP ( 'NONE', ( #922, #2541, #1554, #593, #1632, #797, #842 ) ) ;
#2347 = DIRECTION ( 'NONE',  ( -1.000000000000000000, 0.000000000000000000, 0.000000000000000000 ) ) ;
#2348 = DIRECTION ( 'NONE',  ( 0.000000000000000000, 0.000000000000000000, -1.000000000000000000 ) ) ;
#2349 = ORIENTED_EDGE ( 'NONE', *, *, #1894, .F. ) ;
#2350 = VECTOR ( 'NONE', #1865, 1000.000000000000000 ) ;
#2351 = LINE ( 'NONE', #579, #242 ) ;
#2352 =( NAMED_UNIT ( * ) PLANE_ANGLE_UNIT ( ) SI_UNIT ( $, .RADIAN. ) );
#2353 = PRODUCT_CONTEXT ( 'NONE', #1843, 'mechanical' ) ;
#2354 = EDGE_CURVE ( 'NONE', #709, #1618, #2022, .T. ) ;
#2355 = EDGE_CURVE ( 'NONE', #2153, #55, #1551, .T. ) ;
#2356 = EDGE_LOOP ( 'NONE', ( #1842, #682, #139, #1837 ) ) ;
#2357 = AXIS2_PLACEMENT_3D ( 'NONE', #1092, #880, #694 ) ;
#2358 = PLANE ( 'NONE',  #289 ) ;
#2359 = LINE ( 'NONE', #140, #1566 ) ;
#2360 = LINE ( 'NONE', #953, #1578 ) ;
#2361 = ORIENTED_EDGE ( 'NONE', *, *, #1274, .F. ) ;
#2362 = CARTESIAN_POINT ( 'NONE',  ( 2.870000000000000107, 1.350000000000000533, 1.100000000000000311 ) ) ;
#2363 = DIRECTION ( 'NONE',  ( 0.000000000000000000, -1.000000000000000000, 0.000000000000000000 ) ) ;
#2364 = VERTEX_POINT ( 'NONE', #1984 ) ;
#2365 = EDGE_CURVE ( 'NONE', #1681, #646, #2360, .T. ) ;
#2366 = EDGE_CURVE ( 'NONE', #226, #540, #1741, .T. ) ;
#2367 = EDGE_CURVE ( 'NONE', #954, #969, #1942, .T. ) ;
#2368 = CARTESIAN_POINT ( 'NONE',  ( -2.850000000000000089, 1.350000000000000533, 3.084943324127921382 ) ) ;
#2369 = PLANE ( 'NONE',  #41 ) ;
#2370 = DIRECTION ( 'NONE',  ( -1.445602896647339706E-15, -1.000000000000000000, 0.000000000000000000 ) ) ;
#2371 = ORIENTED_EDGE ( 'NONE', *, *, #2195, .T. ) ;
#2372 = CARTESIAN_POINT ( 'NONE',  ( -2.850000000000000089, 0.1299999999999997546, -1.100000000000000089 ) ) ;
#2373 = ORIENTED_EDGE ( 'NONE', *, *, #1832, .T. ) ;
#2374 = DIRECTION ( 'NONE',  ( -1.000000000000000000, 0.000000000000000000, 0.000000000000000000 ) ) ;
#2375 = DIRECTION ( 'NONE',  ( -0.000000000000000000, -0.000000000000000000, -1.000000000000000000 ) ) ;
#2376 = ORIENTED_EDGE ( 'NONE', *, *, #500, .T. ) ;
#2377 = LINE ( 'NONE', #2390, #1726 ) ;
#2378 = FACE_OUTER_BOUND ( 'NONE', #1130, .T. ) ;
#2379 = ORIENTED_EDGE ( 'NONE', *, *, #1453, .F. ) ;
#2380 = CARTESIAN_POINT ( 'NONE',  ( -2.236264737416298942, 2.799999999999999822, -0.1500000000000000500 ) ) ;
#2381 = PLANE ( 'NONE',  #83 ) ;
#2382 = VERTEX_POINT ( 'NONE', #1795 ) ;
#2383 = DIRECTION ( 'NONE',  ( -1.000000000000000000, 1.445602896647339706E-15, 0.000000000000000000 ) ) ;
#2384 = EDGE_LOOP ( 'NONE', ( #1833, #2462, #213, #983 ) ) ;
#2385 = DIRECTION ( 'NONE',  ( 0.000000000000000000, 0.000000000000000000, 1.000000000000000000 ) ) ;
#2386 = CARTESIAN_POINT ( 'NONE',  ( 2.850000000000000089, 1.499999999999999778, 1.600000000000000311 ) ) ;
#2387 = EDGE_CURVE ( 'NONE', #2098, #2304, #216, .T. ) ;
#2388 = EDGE_CURVE ( 'NONE', #2425, #969, #2332, .T. ) ;
#2389 = VECTOR ( 'NONE', #228, 1000.000000000000000 ) ;
#2390 = CARTESIAN_POINT ( 'NONE',  ( -1.984517536199902565, 2.799999999999999822, 1.436264737416298232 ) ) ;
#2391 = DIRECTION ( 'NONE',  ( 1.000000000000000000, 1.885568995626964287E-16, -0.000000000000000000 ) ) ;
#2392 = ORIENTED_EDGE ( 'NONE', *, *, #2365, .T. ) ;
#2393 = AXIS2_PLACEMENT_3D ( 'NONE', #1934, #925, #137 ) ;
#2394 = LINE ( 'NONE', #753, #1851 ) ;
#2395 = VECTOR ( 'NONE', #1404, 1000.000000000000000 ) ;
#2396 = CARTESIAN_POINT ( 'NONE',  ( -2.850000000000000089, -2.168404344971008868E-16, 3.084943324127921382 ) ) ;
#2397 = AXIS2_PLACEMENT_3D ( 'NONE', #1928, #783, #159 ) ;
#2398 = CARTESIAN_POINT ( 'NONE',  ( 2.850000000000000089, 1.500000000000000000, -1.100000000000000089 ) ) ;
#2399 = VERTEX_POINT ( 'NONE', #557 ) ;
#2400 = CARTESIAN_POINT ( 'NONE',  ( -2.870000000000000107, 0.1499999999999997446, 3.084943324127921382 ) ) ;
#2401 = LINE ( 'NONE', #1417, #1863 ) ;
#2402 = EDGE_CURVE ( 'NONE', #803, #1397, #1356, .T. ) ;
#2403 = CARTESIAN_POINT ( 'NONE',  ( 2.870000000000000107, 1.350000000000000533, 3.084943324127921382 ) ) ;
#2404 = CARTESIAN_POINT ( 'NONE',  ( -2.736264737416298498, 0.2000000000000000944, 0.000000000000000000 ) ) ;
#2405 = ORIENTED_EDGE ( 'NONE', *, *, #806, .F. ) ;
#2406 = CARTESIAN_POINT ( 'NONE',  ( -0.3772618744624094411, 4.702747194716850210, 1.319795928322820666 ) ) ;
#2407 = VERTEX_POINT ( 'NONE', #571 ) ;
#2408 = EDGE_LOOP ( 'NONE', ( #2135, #665, #841, #1587 ) ) ;
#2409 = DIRECTION ( 'NONE',  ( -0.000000000000000000, -0.000000000000000000, -1.000000000000000000 ) ) ;
#2410 = ORIENTED_EDGE ( 'NONE', *, *, #1548, .F. ) ;
#2411 = ADVANCED_FACE ( 'NONE', ( #1377 ), #2149, .F. ) ;
#2412 = VERTEX_POINT ( 'NONE', #87 ) ;
#2413 = ADVANCED_FACE ( 'NONE', ( #305 ), #1112, .F. ) ;
#2414 = EDGE_CURVE ( 'NONE', #1983, #2489, #315, .T. ) ;
#2415 = DIRECTION ( 'NONE',  ( 0.000000000000000000, 0.000000000000000000, -1.000000000000000000 ) ) ;
#2416 = ORIENTED_EDGE ( 'NONE', *, *, #1104, .T. ) ;
#2417 = DIRECTION ( 'NONE',  ( 0.000000000000000000, 0.000000000000000000, 1.000000000000000000 ) ) ;
#2418 = VERTEX_POINT ( 'NONE', #506 ) ;
#2419 = ORIENTED_EDGE ( 'NONE', *, *, #357, .F. ) ;
#2420 = CARTESIAN_POINT ( 'NONE',  ( 2.838626473741630019, 1.370000000000000551, -1.099999999999999867 ) ) ;
#2421 = ORIENTED_EDGE ( 'NONE', *, *, #910, .T. ) ;
#2422 = ORIENTED_EDGE ( 'NONE', *, *, #835, .F. ) ;
#2423 = CARTESIAN_POINT ( 'NONE',  ( -2.840925182390864112, 1.396274360089549971, 0.4999999999999997780 ) ) ;
#2424 = VERTEX_POINT ( 'NONE', #229 ) ;
#2425 = VERTEX_POINT ( 'NONE', #1677 ) ;
#2426 = CARTESIAN_POINT ( 'NONE',  ( 3.000000000000000000, 0.1499999999999997446, -1.100000000000000089 ) ) ;
#2427 = CIRCLE ( 'NONE', #1521, 0.1499999999999995226 ) ;
#2428 = FACE_OUTER_BOUND ( 'NONE', #1657, .T. ) ;
#2429 = DIRECTION ( 'NONE',  ( -3.371629932616596930E-16, 0.000000000000000000, -1.000000000000000000 ) ) ;
#2430 = AXIS2_PLACEMENT_3D ( 'NONE', #1585, #377, #2567 ) ;
#2431 = ORIENTED_EDGE ( 'NONE', *, *, #833, .T. ) ;
#2432 = LINE ( 'NONE', #659, #1082 ) ;
#2433 = AXIS2_PLACEMENT_3D ( 'NONE', #621, #2209, #2015 ) ;
#2434 = CIRCLE ( 'NONE', #2056, 0.02000000000000005246 ) ;
#2435 = DIRECTION ( 'NONE',  ( 0.000000000000000000, 0.000000000000000000, 1.000000000000000000 ) ) ;
#2436 = FACE_OUTER_BOUND ( 'NONE', #1561, .T. ) ;
#2437 = ADVANCED_FACE ( 'NONE', ( #1855 ), #2461, .T. ) ;
#2438 = VERTEX_POINT ( 'NONE', #1307 ) ;
#2439 = VECTOR ( 'NONE', #2208, 1000.000000000000000 ) ;
#2440 = ORIENTED_EDGE ( 'NONE', *, *, #514, .F. ) ;
#2441 = VECTOR ( 'NONE', #1167, 1000.000000000000000 ) ;
#2442 = CARTESIAN_POINT ( 'NONE',  ( -2.850000000000000089, 1.350000000000000533, 1.100000000000000089 ) ) ;
#2443 = CARTESIAN_POINT ( 'NONE',  ( -2.850000000000000089, 0.1299999999999997546, 1.100000000000000311 ) ) ;
#2444 = VERTEX_POINT ( 'NONE', #681 ) ;
#2445 = ADVANCED_FACE ( 'NONE', ( #108 ), #2191, .T. ) ;
#2446 = CARTESIAN_POINT ( 'NONE',  ( -1.984517536199903009, 2.700000000000000178, -0.1500000000000001610 ) ) ;
#2447 = VERTEX_POINT ( 'NONE', #1607 ) ;
#2448 = EDGE_CURVE ( 'NONE', #904, #2272, #1499, .T. ) ;
#2449 = VERTEX_POINT ( 'NONE', #902 ) ;
#2450 = CARTESIAN_POINT ( 'NONE',  ( 1.400000000000000133, 3.887817782917155629, -1.200000000000000622 ) ) ;
#2451 = DIRECTION ( 'NONE',  ( 0.000000000000000000, 0.000000000000000000, 1.000000000000000000 ) ) ;
#2452 = DIRECTION ( 'NONE',  ( -0.000000000000000000, -0.000000000000000000, -1.000000000000000000 ) ) ;
#2453 = ORIENTED_EDGE ( 'NONE', *, *, #60, .T. ) ;
#2454 = DIRECTION ( 'NONE',  ( -1.000000000000000000, 1.445602896647339508E-15, 0.000000000000000000 ) ) ;
#2455 = DIRECTION ( 'NONE',  ( 1.000000000000000000, 0.000000000000000000, -0.000000000000000000 ) ) ;
#2456 = ORIENTED_EDGE ( 'NONE', *, *, #2344, .F. ) ;
#2457 = LINE ( 'NONE', #633, #1895 ) ;
#2458 = ORIENTED_EDGE ( 'NONE', *, *, #1642, .T. ) ;
#2459 = LINE ( 'NONE', #2124, #1121 ) ;
#2460 = EDGE_CURVE ( 'NONE', #1806, #2243, #2401, .T. ) ;
#2461 = PLANE ( 'NONE',  #2140 ) ;
#2462 = ORIENTED_EDGE ( 'NONE', *, *, #910, .F. ) ;
#2463 = FILL_AREA_STYLE_COLOUR ( '', #2260 ) ;
#2464 = MECHANICAL_DESIGN_GEOMETRIC_PRESENTATION_REPRESENTATION (  '', ( #2104 ), #1848 ) ;
#2465 = CARTESIAN_POINT ( 'NONE',  ( 2.550000000000000266, 1.500000000000000444, -1.100000000000000089 ) ) ;
#2466 = EDGE_CURVE ( 'NONE', #1449, #1397, #1430, .T. ) ;
#2467 = ADVANCED_FACE ( 'NONE', ( #118 ), #425, .F. ) ;
#2468 = EDGE_CURVE ( 'NONE', #2050, #678, #1085, .T. ) ;
#2469 = ORIENTED_EDGE ( 'NONE', *, *, #957, .F. ) ;
#2470 = ORIENTED_EDGE ( 'NONE', *, *, #182, .T. ) ;
#2471 = UNCERTAINTY_MEASURE_WITH_UNIT (LENGTH_MEASURE( 1.000000000000000082E-05 ), #338, 'distance_accuracy_value', 'NONE');
#2472 = VECTOR ( 'NONE', #1923, 1000.000000000000000 ) ;
#2473 = CARTESIAN_POINT ( 'NONE',  ( 2.850000000000000089, 1.499999999999999778, 1.600000000000000311 ) ) ;
#2474 = AXIS2_PLACEMENT_3D ( 'NONE', #585, #1332, #1166 ) ;
#2475 = VECTOR ( 'NONE', #2252, 1000.000000000000000 ) ;
#2476 = CYLINDRICAL_SURFACE ( 'NONE', #567, 0.1999999999999999833 ) ;
#2477 = CARTESIAN_POINT ( 'NONE',  ( -2.280009069179261161, 2.799999999999999822, -1.486264737416298276 ) ) ;
#2478 = VECTOR ( 'NONE', #58, 1000.000000000000000 ) ;
#2479 = ORIENTED_EDGE ( 'NONE', *, *, #174, .F. ) ;
#2480 = VECTOR ( 'NONE', #2065, 1000.000000000000000 ) ;
#2481 = FILL_AREA_STYLE ('',( #2463 ) ) ;
#2482 = VECTOR ( 'NONE', #937, 1000.000000000000000 ) ;
#2483 = CARTESIAN_POINT ( 'NONE',  ( -3.000000000000000000, 0.1499999999999997446, 3.084943324127921382 ) ) ;
#2484 = VERTEX_POINT ( 'NONE', #628 ) ;
#2485 = FACE_OUTER_BOUND ( 'NONE', #2548, .T. ) ;
#2486 = ORIENTED_EDGE ( 'NONE', *, *, #605, .F. ) ;
#2487 = FACE_OUTER_BOUND ( 'NONE', #2030, .T. ) ;
#2488 = LINE ( 'NONE', #705, #1067 ) ;
#2489 = VERTEX_POINT ( 'NONE', #2477 ) ;
#2490 = LINE ( 'NONE', #122, #2306 ) ;
#2491 = ADVANCED_FACE ( 'NONE', ( #1026 ), #2055, .F. ) ;
#2492 = PLANE ( 'NONE',  #1043 ) ;
#2493 = CARTESIAN_POINT ( 'NONE',  ( -2.236264737416298942, 2.700000000000000178, -0.1500000000000000500 ) ) ;
#2494 = ORIENTED_EDGE ( 'NONE', *, *, #223, .F. ) ;
#2495 = DIRECTION ( 'NONE',  ( 0.000000000000000000, -0.9961946980917455452, 0.08715574274765820750 ) ) ;
#2496 = CARTESIAN_POINT ( 'NONE',  ( -2.850000000000000089, 1.500000000000000000, 1.100000000000000311 ) ) ;
#2497 = CARTESIAN_POINT ( 'NONE',  ( -2.850000000000000089, 1.370000000000000551, 3.084943324127921382 ) ) ;
#2498 =( LENGTH_UNIT ( ) NAMED_UNIT ( * ) SI_UNIT ( .MILLI., .METRE. ) );
#2499 = ORIENTED_EDGE ( 'NONE', *, *, #259, .T. ) ;
#2500 = DIRECTION ( 'NONE',  ( -3.614007241618345813E-16, 1.000000000000000000, 0.000000000000000000 ) ) ;
#2501 = PLANE ( 'NONE',  #2175 ) ;
#2502 = DIRECTION ( 'NONE',  ( -3.371629932616596930E-16, 0.000000000000000000, -1.000000000000000000 ) ) ;
#2503 = MANIFOLD_SOLID_BREP ( 'Boss-Extrude4[1]', #1241 ) ;
#2504 = DIRECTION ( 'NONE',  ( -0.000000000000000000, 0.000000000000000000, 1.000000000000000000 ) ) ;
#2505 = EDGE_LOOP ( 'NONE', ( #258, #1068, #1597, #2311, #50, #105, #1330, #2092, #1136, #2479, #2440, #761 ) ) ;
#2506 = LINE ( 'NONE', #923, #1248 ) ;
#2507 = VECTOR ( 'NONE', #2162, 1000.000000000000000 ) ;
#2508 = DIRECTION ( 'NONE',  ( 0.000000000000000000, 0.000000000000000000, 1.000000000000000000 ) ) ;
#2509 = DIRECTION ( 'NONE',  ( 0.08682659386424762538, -0.9924325091389669673, 0.08682659386424762538 ) ) ;
#2510 = VECTOR ( 'NONE', #2333, 1000.000000000000000 ) ;
#2511 = AXIS2_PLACEMENT_3D ( 'NONE', #9, #1022, #2211 ) ;
#2512 = ORIENTED_EDGE ( 'NONE', *, *, #334, .T. ) ;
#2513 = EDGE_CURVE ( 'NONE', #650, #439, #318, .T. ) ;
#2514 = DIRECTION ( 'NONE',  ( 1.000000000000000000, 0.000000000000000000, -8.613419869192900503E-16 ) ) ;
#2515 = EDGE_CURVE ( 'NONE', #2182, #2250, #1710, .T. ) ;
#2516 = VECTOR ( 'NONE', #460, 1000.000000000000000 ) ;
#2517 = AXIS2_PLACEMENT_3D ( 'NONE', #2014, #1665, #1471 ) ;
#2518 = FACE_OUTER_BOUND ( 'NONE', #1506, .T. ) ;
#2519 = CARTESIAN_POINT ( 'NONE',  ( 2.850000000000000089, 1.499999999999999778, -1.599999999999999645 ) ) ;
#2520 = AXIS2_PLACEMENT_3D ( 'NONE', #884, #453, #1647 ) ;
#2521 = ORIENTED_EDGE ( 'NONE', *, *, #735, .F. ) ;
#2522 = FACE_OUTER_BOUND ( 'NONE', #547, .T. ) ;
#2523 = EDGE_CURVE ( 'NONE', #606, #587, #2114, .T. ) ;
#2524 = DIRECTION ( 'NONE',  ( -0.08715574274765820750, 0.9961946980917455452, 0.000000000000000000 ) ) ;
#2525 = FACE_OUTER_BOUND ( 'NONE', #1484, .T. ) ;
#2526 = ADVANCED_FACE ( 'NONE', ( #2525 ), #2536, .T. ) ;
#2527 = VERTEX_POINT ( 'NONE', #151 ) ;
#2528 = CARTESIAN_POINT ( 'NONE',  ( 1.700000000000000178, 0.1299999999999999212, 1.100000000000000311 ) ) ;
#2529 = DIRECTION ( 'NONE',  ( 0.000000000000000000, 0.000000000000000000, 1.000000000000000000 ) ) ;
#2530 = CARTESIAN_POINT ( 'NONE',  ( -2.850000000000000089, -2.168404344971008868E-16, 3.084943324127921382 ) ) ;
#2531 = DIRECTION ( 'NONE',  ( -0.000000000000000000, -1.000000000000000000, -0.000000000000000000 ) ) ;
#2532 = PLANE ( 'NONE',  #995 ) ;
#2533 = ORIENTED_EDGE ( 'NONE', *, *, #1368, .F. ) ;
#2534 = CARTESIAN_POINT ( 'NONE',  ( 2.550000000000000266, 1.500000000000000444, 1.100000000000000089 ) ) ;
#2535 = PLANE ( 'NONE',  #1287 ) ;
#2536 = PLANE ( 'NONE',  #2174 ) ;
#2537 = ORIENTED_EDGE ( 'NONE', *, *, #1427, .F. ) ;
#2538 = EDGE_CURVE ( 'NONE', #2129, #1732, #2488, .T. ) ;
#2539 = EDGE_CURVE ( 'NONE', #1466, #2527, #1509, .T. ) ;
#2540 = DIRECTION ( 'NONE',  ( 1.000000000000000000, 0.000000000000000000, -1.548860246407863583E-16 ) ) ;
#2541 = ORIENTED_EDGE ( 'NONE', *, *, #2111, .F. ) ;
#2542 = LINE ( 'NONE', #2245, #1767 ) ;
#2543 = DIRECTION ( 'NONE',  ( 0.000000000000000000, 1.000000000000000000, 0.000000000000000000 ) ) ;
#2544 = ORIENTED_EDGE ( 'NONE', *, *, #984, .F. ) ;
#2545 = EDGE_CURVE ( 'NONE', #794, #1010, #1519, .T. ) ;
#2546 = DIRECTION ( 'NONE',  ( 0.000000000000000000, 1.000000000000000000, -0.000000000000000000 ) ) ;
#2547 = DIRECTION ( 'NONE',  ( -1.000000000000000000, -1.445602896647339508E-15, 0.000000000000000000 ) ) ;
#2548 = EDGE_LOOP ( 'NONE', ( #2290, #2057, #1821, #169 ) ) ;
#2549 = ADVANCED_FACE ( 'NONE', ( #553 ), #1144, .T. ) ;
#2550 = EDGE_CURVE ( 'NONE', #2527, #2425, #1901, .T. ) ;
#2551 = LINE ( 'NONE', #770, #451 ) ;
#2552 = CARTESIAN_POINT ( 'NONE',  ( -2.236264737416298498, 2.700000000000000178, 1.436264737416298454 ) ) ;
#2553 = APPLICATION_PROTOCOL_DEFINITION ( 'draft international standard', 'automotive_design', 1998, #2148 ) ;
#2554 = VERTEX_POINT ( 'NONE', #1339 ) ;
#2555 = VECTOR ( 'NONE', #398, 1000.000000000000000 ) ;
#2556 = DIRECTION ( 'NONE',  ( -0.000000000000000000, -0.000000000000000000, -1.000000000000000000 ) ) ;
#2557 = CARTESIAN_POINT ( 'NONE',  ( -2.236264737416298942, 2.700000000000000178, -0.1500000000000000500 ) ) ;
#2558 = VECTOR ( 'NONE', #2151, 1000.000000000000114 ) ;
#2559 = EDGE_LOOP ( 'NONE', ( #389, #1871, #2566, #2453 ) ) ;
#2560 = EDGE_CURVE ( 'NONE', #2449, #1649, #1173, .T. ) ;
#2561 = FACE_OUTER_BOUND ( 'NONE', #1037, .T. ) ;
#2562 = VECTOR ( 'NONE', #808, 1000.000000000000000 ) ;
#2563 = DIRECTION ( 'NONE',  ( 0.000000000000000000, -0.000000000000000000, 1.000000000000000000 ) ) ;
#2564 = EDGE_CURVE ( 'NONE', #969, #2364, #1352, .T. ) ;
#2565 = VECTOR ( 'NONE', #2087, 1000.000000000000000 ) ;
#2566 = ORIENTED_EDGE ( 'NONE', *, *, #2136, .T. ) ;
#2567 = DIRECTION ( 'NONE',  ( 0.000000000000000000, -0.000000000000000000, 1.000000000000000000 ) ) ;
ENDSEC;
END-ISO-10303-21;
