This is pdfTeX, Version 3.141592653-2.6-1.40.27 (MiKTeX 25.4) (preloaded format=pdflatex 2025.10.12)  14 MAY 2026 09:04
entering extended mode
 restricted \write18 enabled.
 file:line:error style messages enabled.
 %&-line parsing enabled.
**"d:/08_Semester 8/01. Luan Van Tot Nghiep/04. Report/main.tex"
(d:/08_Semester 8/01. Luan Van Tot Nghiep/04. Report/main.tex
LaTeX2e <2025-06-01> patch level 1
L3 programming layer <2025-09-02>
(D:\Application In Computer\Miktex\install\tex/latex/extsizes\extreport.cls
Document Class: extreport 1996/10/08 v1.0 Non Standard LaTeX document class
(D:\Application In Computer\Miktex\install\tex/latex/base\size12.clo
File: size12.clo 2025/01/22 v1.4n Standard LaTeX file (size option)
) (D:\Application In Computer\Miktex\install\tex/latex/base\exscale.sty
Package: exscale 2018/09/24 v2.1i Standard LaTeX package exscale
LaTeX Font Info:    Redeclaring symbol font `largesymbols' on input line 57.
LaTeX Font Info:    Overwriting symbol font `largesymbols' in version `normal'
(Font)                  OMX/cmex/m/n --> OMX/cmex/m/n on input line 57.
LaTeX Font Info:    Overwriting symbol font `largesymbols' in version `bold'
(Font)                  OMX/cmex/m/n --> OMX/cmex/m/n on input line 57.
\big@size=\dimen148
)
\c@part=\count275
\c@chapter=\count276
\c@section=\count277
\c@subsection=\count278
\c@subsubsection=\count279
\c@paragraph=\count280
\c@subparagraph=\count281
\c@figure=\count282
\c@table=\count283
\abovecaptionskip=\skip49
\belowcaptionskip=\skip50
\bibindent=\dimen149
) (D:\Application In Computer\Miktex\install\tex/latex/vntex\vietnam.sty
Package: vietnam 2009/07/12 v1.3 support for Vietnamese
 (D:\Application In Computer\Miktex\install\tex/latex/base\ifthen.sty
Package: ifthen 2024/03/16 v1.1e Standard LaTeX ifthen package (DPC)
) (D:\Application In Computer\Miktex\install\tex/latex/base\fontenc.sty
Package: fontenc 2024/12/21 v2.1c Standard LaTeX package
 (D:\Application In Computer\Miktex\install\tex/latex/vntex\t5enc.def
File: t5enc.def 2006/11/21 v1.4 Vietnamese T5 encoding
Now handling font encoding T5 ...
... processing UTF-8 mapping file for font encoding T5
 (D:\Application In Computer\Miktex\install\tex/latex/vntex\t5enc.dfu
File: t5enc.dfu 2006/08/19 v1.1 UTF8 support for Vietnamese
   defining Unicode char U+00AB (decimal 171)
   defining Unicode char U+00BB (decimal 187)
   defining Unicode char U+00C0 (decimal 192)
   defining Unicode char U+00C1 (decimal 193)
   defining Unicode char U+00C2 (decimal 194)
   defining Unicode char U+00C3 (decimal 195)
   defining Unicode char U+00C8 (decimal 200)
   defining Unicode char U+00C9 (decimal 201)
   defining Unicode char U+00CA (decimal 202)
   defining Unicode char U+00CC (decimal 204)
   defining Unicode char U+00CD (decimal 205)
   defining Unicode char U+00D2 (decimal 210)
   defining Unicode char U+00D3 (decimal 211)
   defining Unicode char U+00D4 (decimal 212)
   defining Unicode char U+00D5 (decimal 213)
   defining Unicode char U+00D9 (decimal 217)
   defining Unicode char U+00DA (decimal 218)
   defining Unicode char U+00DD (decimal 221)
   defining Unicode char U+00E0 (decimal 224)
   defining Unicode char U+00E1 (decimal 225)
   defining Unicode char U+00E2 (decimal 226)
   defining Unicode char U+00E3 (decimal 227)
   defining Unicode char U+00E8 (decimal 232)
   defining Unicode char U+00E9 (decimal 233)
   defining Unicode char U+00EA (decimal 234)
   defining Unicode char U+00EC (decimal 236)
   defining Unicode char U+00ED (decimal 237)
   defining Unicode char U+00F2 (decimal 242)
   defining Unicode char U+00F3 (decimal 243)
   defining Unicode char U+00F4 (decimal 244)
   defining Unicode char U+00F5 (decimal 245)
   defining Unicode char U+00F9 (decimal 249)
   defining Unicode char U+00FA (decimal 250)
   defining Unicode char U+00FD (decimal 253)
   defining Unicode char U+0102 (decimal 258)
   defining Unicode char U+0103 (decimal 259)
   defining Unicode char U+0110 (decimal 272)
   defining Unicode char U+0111 (decimal 273)
   defining Unicode char U+0128 (decimal 296)
   defining Unicode char U+0129 (decimal 297)
   defining Unicode char U+0131 (decimal 305)
   defining Unicode char U+0168 (decimal 360)
   defining Unicode char U+0169 (decimal 361)
   defining Unicode char U+01A0 (decimal 416)
   defining Unicode char U+01A1 (decimal 417)
   defining Unicode char U+01AF (decimal 431)
   defining Unicode char U+01B0 (decimal 432)
   defining Unicode char U+1EA0 (decimal 7840)
   defining Unicode char U+1EA1 (decimal 7841)
   defining Unicode char U+1EA2 (decimal 7842)
   defining Unicode char U+1EA3 (decimal 7843)
   defining Unicode char U+1EA4 (decimal 7844)
   defining Unicode char U+1EA5 (decimal 7845)
   defining Unicode char U+1EA6 (decimal 7846)
   defining Unicode char U+1EA7 (decimal 7847)
   defining Unicode char U+1EA8 (decimal 7848)
   defining Unicode char U+1EA9 (decimal 7849)
   defining Unicode char U+1EAA (decimal 7850)
   defining Unicode char U+1EAB (decimal 7851)
   defining Unicode char U+1EAC (decimal 7852)
   defining Unicode char U+1EAD (decimal 7853)
   defining Unicode char U+1EAE (decimal 7854)
   defining Unicode char U+1EAF (decimal 7855)
   defining Unicode char U+1EB0 (decimal 7856)
   defining Unicode char U+1EB1 (decimal 7857)
   defining Unicode char U+1EB2 (decimal 7858)
   defining Unicode char U+1EB3 (decimal 7859)
   defining Unicode char U+1EB4 (decimal 7860)
   defining Unicode char U+1EB5 (decimal 7861)
   defining Unicode char U+1EB6 (decimal 7862)
   defining Unicode char U+1EB7 (decimal 7863)
   defining Unicode char U+1EB8 (decimal 7864)
   defining Unicode char U+1EB9 (decimal 7865)
   defining Unicode char U+1EBA (decimal 7866)
   defining Unicode char U+1EBB (decimal 7867)
   defining Unicode char U+1EBC (decimal 7868)
   defining Unicode char U+1EBD (decimal 7869)
   defining Unicode char U+1EBE (decimal 7870)
   defining Unicode char U+1EBF (decimal 7871)
   defining Unicode char U+1EC0 (decimal 7872)
   defining Unicode char U+1EC1 (decimal 7873)
   defining Unicode char U+1EC2 (decimal 7874)
   defining Unicode char U+1EC3 (decimal 7875)
   defining Unicode char U+1EC4 (decimal 7876)
   defining Unicode char U+1EC5 (decimal 7877)
   defining Unicode char U+1EC6 (decimal 7878)
   defining Unicode char U+1EC7 (decimal 7879)
   defining Unicode char U+1EC8 (decimal 7880)
   defining Unicode char U+1EC9 (decimal 7881)
   defining Unicode char U+1ECA (decimal 7882)
   defining Unicode char U+1ECB (decimal 7883)
   defining Unicode char U+1ECC (decimal 7884)
   defining Unicode char U+1ECD (decimal 7885)
   defining Unicode char U+1ECE (decimal 7886)
   defining Unicode char U+1ECF (decimal 7887)
   defining Unicode char U+1ED0 (decimal 7888)
   defining Unicode char U+1ED1 (decimal 7889)
   defining Unicode char U+1ED2 (decimal 7890)
   defining Unicode char U+1ED3 (decimal 7891)
   defining Unicode char U+1ED4 (decimal 7892)
   defining Unicode char U+1ED5 (decimal 7893)
   defining Unicode char U+1ED6 (decimal 7894)
   defining Unicode char U+1ED7 (decimal 7895)
   defining Unicode char U+1ED8 (decimal 7896)
   defining Unicode char U+1ED9 (decimal 7897)
   defining Unicode char U+1EDA (decimal 7898)
   defining Unicode char U+1EDB (decimal 7899)
   defining Unicode char U+1EDC (decimal 7900)
   defining Unicode char U+1EDD (decimal 7901)
   defining Unicode char U+1EDE (decimal 7902)
   defining Unicode char U+1EDF (decimal 7903)
   defining Unicode char U+1EE0 (decimal 7904)
   defining Unicode char U+1EE1 (decimal 7905)
   defining Unicode char U+1EE2 (decimal 7906)
   defining Unicode char U+1EE3 (decimal 7907)
   defining Unicode char U+1EE4 (decimal 7908)
   defining Unicode char U+1EE5 (decimal 7909)
   defining Unicode char U+1EE6 (decimal 7910)
   defining Unicode char U+1EE7 (decimal 7911)
   defining Unicode char U+1EE8 (decimal 7912)
   defining Unicode char U+1EE9 (decimal 7913)
   defining Unicode char U+1EEA (decimal 7914)
   defining Unicode char U+1EEB (decimal 7915)
   defining Unicode char U+1EEC (decimal 7916)
   defining Unicode char U+1EED (decimal 7917)
   defining Unicode char U+1EEE (decimal 7918)
   defining Unicode char U+1EEF (decimal 7919)
   defining Unicode char U+1EF0 (decimal 7920)
   defining Unicode char U+1EF1 (decimal 7921)
   defining Unicode char U+1EF2 (decimal 7922)
   defining Unicode char U+1EF3 (decimal 7923)
   defining Unicode char U+1EF4 (decimal 7924)
   defining Unicode char U+1EF5 (decimal 7925)
   defining Unicode char U+1EF6 (decimal 7926)
   defining Unicode char U+1EF7 (decimal 7927)
   defining Unicode char U+1EF8 (decimal 7928)
   defining Unicode char U+1EF9 (decimal 7929)
   defining Unicode char U+200C (decimal 8204)
   defining Unicode char U+2013 (decimal 8211)
   defining Unicode char U+2014 (decimal 8212)
   defining Unicode char U+2018 (decimal 8216)
   defining Unicode char U+2019 (decimal 8217)
   defining Unicode char U+201A (decimal 8218)
   defining Unicode char U+201C (decimal 8220)
   defining Unicode char U+201D (decimal 8221)
   defining Unicode char U+201E (decimal 8222)
   defining Unicode char U+2030 (decimal 8240)
   defining Unicode char U+2031 (decimal 8241)
   defining Unicode char U+2039 (decimal 8249)
   defining Unicode char U+203A (decimal 8250)
   defining Unicode char U+2423 (decimal 9251)
))
LaTeX Font Info:    Trying to load font information for T5+cmr on input line 116.
 (D:\Application In Computer\Miktex\install\tex/latex/vntex\t5cmr.fd
File: t5cmr.fd 1999/05/25 v2.5h Standard LaTeX font definitions
)) (D:\Application In Computer\Miktex\install\tex/latex/base\inputenc.sty
Package: inputenc 2024/02/08 v1.3d Input encoding file
\inpenc@prehook=\toks17
\inpenc@posthook=\toks18
) (D:\Application In Computer\Miktex\install\tex/latex/vntex\vncaps.tex
File: vncaps.tex 2006/06/07 v1.1 Captions in Vietnamese
)) (D:\Application In Computer\Miktex\install\tex/latex/psnfss\mathptmx.sty
Package: mathptmx 2020/03/25 PSNFSS-v9.3 Times w/ Math, improved (SPQR, WaS) 
LaTeX Font Info:    Redeclaring symbol font `operators' on input line 28.
LaTeX Font Info:    Overwriting symbol font `operators' in version `normal'
(Font)                  OT1/cmr/m/n --> OT1/ztmcm/m/n on input line 28.
LaTeX Font Info:    Overwriting symbol font `operators' in version `bold'
(Font)                  OT1/cmr/bx/n --> OT1/ztmcm/m/n on input line 28.
LaTeX Font Info:    Redeclaring symbol font `letters' on input line 29.
LaTeX Font Info:    Overwriting symbol font `letters' in version `normal'
(Font)                  OML/cmm/m/it --> OML/ztmcm/m/it on input line 29.
LaTeX Font Info:    Overwriting symbol font `letters' in version `bold'
(Font)                  OML/cmm/b/it --> OML/ztmcm/m/it on input line 29.
LaTeX Font Info:    Redeclaring symbol font `symbols' on input line 30.
LaTeX Font Info:    Overwriting symbol font `symbols' in version `normal'
(Font)                  OMS/cmsy/m/n --> OMS/ztmcm/m/n on input line 30.
LaTeX Font Info:    Overwriting symbol font `symbols' in version `bold'
(Font)                  OMS/cmsy/b/n --> OMS/ztmcm/m/n on input line 30.
LaTeX Font Info:    Redeclaring symbol font `largesymbols' on input line 31.
LaTeX Font Info:    Overwriting symbol font `largesymbols' in version `normal'
(Font)                  OMX/cmex/m/n --> OMX/ztmcm/m/n on input line 31.
LaTeX Font Info:    Overwriting symbol font `largesymbols' in version `bold'
(Font)                  OMX/cmex/m/n --> OMX/ztmcm/m/n on input line 31.
\symbold=\mathgroup4
\symitalic=\mathgroup5
LaTeX Font Info:    Redeclaring math alphabet \mathbf on input line 34.
LaTeX Font Info:    Overwriting math alphabet `\mathbf' in version `normal'
(Font)                  OT1/cmr/bx/n --> OT1/ptm/bx/n on input line 34.
LaTeX Font Info:    Overwriting math alphabet `\mathbf' in version `bold'
(Font)                  OT1/cmr/bx/n --> OT1/ptm/bx/n on input line 34.
LaTeX Font Info:    Redeclaring math alphabet \mathit on input line 35.
LaTeX Font Info:    Overwriting math alphabet `\mathit' in version `normal'
(Font)                  OT1/cmr/m/it --> OT1/ptm/m/it on input line 35.
LaTeX Font Info:    Overwriting math alphabet `\mathit' in version `bold'
(Font)                  OT1/cmr/bx/it --> OT1/ptm/m/it on input line 35.
LaTeX Info: Redefining \hbar on input line 50.
) (D:\Application In Computer\Miktex\install\tex/latex/amsmath\amsmath.sty
Package: amsmath 2025/06/16 v2.17y AMS math features
\@mathmargin=\skip51

For additional information on amsmath, use the `?' option.
(D:\Application In Computer\Miktex\install\tex/latex/amsmath\amstext.sty
Package: amstext 2024/11/17 v2.01 AMS text
 (D:\Application In Computer\Miktex\install\tex/latex/amsmath\amsgen.sty
File: amsgen.sty 1999/11/30 v2.0 generic functions
\@emptytoks=\toks19
\ex@=\dimen150
)) (D:\Application In Computer\Miktex\install\tex/latex/amsmath\amsbsy.sty
Package: amsbsy 1999/11/29 v1.2d Bold Symbols
\pmbraise@=\dimen151
) (D:\Application In Computer\Miktex\install\tex/latex/amsmath\amsopn.sty
Package: amsopn 2022/04/08 v2.04 operator names
)
\inf@bad=\count284
LaTeX Info: Redefining \frac on input line 233.
\uproot@=\count285
\leftroot@=\count286
LaTeX Info: Redefining \overline on input line 398.
LaTeX Info: Redefining \colon on input line 409.
\classnum@=\count287
\DOTSCASE@=\count288
LaTeX Info: Redefining \ldots on input line 495.
LaTeX Info: Redefining \dots on input line 498.
LaTeX Info: Redefining \cdots on input line 619.
\Mathstrutbox@=\box53
\strutbox@=\box54
LaTeX Info: Redefining \big on input line 721.
LaTeX Info: Redefining \Big on input line 722.
LaTeX Info: Redefining \bigg on input line 723.
LaTeX Info: Redefining \Bigg on input line 724.
\big@size=\dimen152
LaTeX Font Info:    Redeclaring font encoding OML on input line 742.
LaTeX Font Info:    Redeclaring font encoding OMS on input line 743.
\macc@depth=\count289
LaTeX Info: Redefining \bmod on input line 904.
LaTeX Info: Redefining \pmod on input line 909.
LaTeX Info: Redefining \smash on input line 939.
LaTeX Info: Redefining \relbar on input line 969.
LaTeX Info: Redefining \Relbar on input line 970.
\c@MaxMatrixCols=\count290
\dotsspace@=\muskip17
\c@parentequation=\count291
\dspbrk@lvl=\count292
\tag@help=\toks20
\row@=\count293
\column@=\count294
\maxfields@=\count295
\andhelp@=\toks21
\eqnshift@=\dimen153
\alignsep@=\dimen154
\tagshift@=\dimen155
\tagwidth@=\dimen156
\totwidth@=\dimen157
\lineht@=\dimen158
\@envbody=\toks22
\multlinegap=\skip52
\multlinetaggap=\skip53
\mathdisplay@stack=\toks23
LaTeX Info: Redefining \[ on input line 2949.
LaTeX Info: Redefining \] on input line 2950.
) (D:\Application In Computer\Miktex\install\tex/latex/amsfonts\amsfonts.sty
Package: amsfonts 2013/01/14 v3.01 Basic AMSFonts support
\symAMSa=\mathgroup6
\symAMSb=\mathgroup7
LaTeX Font Info:    Overwriting math alphabet `\mathfrak' in version `bold'
(Font)                  U/euf/m/n --> U/euf/b/n on input line 106.
) (D:\Application In Computer\Miktex\install\tex/latex/amsfonts\amssymb.sty
Package: amssymb 2013/01/14 v3.01 AMS font symbols
) (D:\Application In Computer\Miktex\install\tex/latex/graphics\graphicx.sty
Package: graphicx 2024/12/31 v1.2e Enhanced LaTeX Graphics (DPC,SPQR)
 (D:\Application In Computer\Miktex\install\tex/latex/graphics\keyval.sty
Package: keyval 2022/05/29 v1.15 key=value parser (DPC)
\KV@toks@=\toks24
) (D:\Application In Computer\Miktex\install\tex/latex/graphics\graphics.sty
Package: graphics 2024/08/06 v1.4g Standard LaTeX Graphics (DPC,SPQR)
 (D:\Application In Computer\Miktex\install\tex/latex/graphics\trig.sty
Package: trig 2023/12/02 v1.11 sin cos tan (DPC)
) (D:\Application In Computer\Miktex\install\tex/latex/graphics-cfg\graphics.cfg
File: graphics.cfg 2016/06/04 v1.11 sample graphics configuration
)
Package graphics Info: Driver file: pdftex.def on input line 106.
 (D:\Application In Computer\Miktex\install\tex/latex/graphics-def\pdftex.def
File: pdftex.def 2024/04/13 v1.2c Graphics/color driver for pdftex
))
\Gin@req@height=\dimen159
\Gin@req@width=\dimen160
) (D:\Application In Computer\Miktex\install\tex/latex/float\float.sty
Package: float 2001/11/08 v1.3d Float enhancements (AL)
\c@float@type=\count296
\float@exts=\toks25
\float@box=\box55
\@float@everytoks=\toks26
\@floatcapt=\box56
) (D:\Application In Computer\Miktex\install\tex/latex/geometry\geometry.sty
Package: geometry 2020/01/02 v5.9 Page Geometry
 (D:\Application In Computer\Miktex\install\tex/generic/iftex\ifvtex.sty
Package: ifvtex 2019/10/25 v1.7 ifvtex legacy package. Use iftex instead.
 (D:\Application In Computer\Miktex\install\tex/generic/iftex\iftex.sty
Package: iftex 2024/12/12 v1.0g TeX engine tests
))
\Gm@cnth=\count297
\Gm@cntv=\count298
\c@Gm@tempcnt=\count299
\Gm@bindingoffset=\dimen161
\Gm@wd@mp=\dimen162
\Gm@odd@mp=\dimen163
\Gm@even@mp=\dimen164
\Gm@layoutwidth=\dimen165
\Gm@layoutheight=\dimen166
\Gm@layouthoffset=\dimen167
\Gm@layoutvoffset=\dimen168
\Gm@dimlist=\toks27
 (D:\Application In Computer\Miktex\install\tex/latex/geometry\geometry.cfg)) (D:\Application In Computer\Miktex\install\tex/latex/setspace\setspace.sty
Package: setspace 2022/12/04 v6.7b set line spacing
) (D:\Application In Computer\Miktex\install\tex/latex/tools\array.sty
Package: array 2025/06/08 v2.6j Tabular extension package (FMi)
\col@sep=\dimen169
\ar@mcellbox=\box57
\extrarowheight=\dimen170
\NC@list=\toks28
\extratabsurround=\skip54
\backup@length=\skip55
\ar@cellbox=\box58
) (D:\Application In Computer\Miktex\install\tex/latex/booktabs\booktabs.sty
Package: booktabs 2020/01/12 v1.61803398 Publication quality tables
\heavyrulewidth=\dimen171
\lightrulewidth=\dimen172
\cmidrulewidth=\dimen173
\belowrulesep=\dimen174
\belowbottomsep=\dimen175
\aboverulesep=\dimen176
\abovetopsep=\dimen177
\cmidrulesep=\dimen178
\cmidrulekern=\dimen179
\defaultaddspace=\dimen180
\@cmidla=\count300
\@cmidlb=\count301
\@aboverulesep=\dimen181
\@belowrulesep=\dimen182
\@thisruleclass=\count302
\@lastruleclass=\count303
\@thisrulewidth=\dimen183
) (D:\Application In Computer\Miktex\install\tex/latex/caption\subcaption.sty
Package: subcaption 2023/07/28 v1.6b Sub-captions (AR)
 (D:\Application In Computer\Miktex\install\tex/latex/caption\caption.sty
Package: caption 2023/08/05 v3.6o Customizing captions (AR)
 (D:\Application In Computer\Miktex\install\tex/latex/caption\caption3.sty
Package: caption3 2023/07/31 v2.4d caption3 kernel (AR)
\caption@tempdima=\dimen184
\captionmargin=\dimen185
\caption@leftmargin=\dimen186
\caption@rightmargin=\dimen187
\caption@width=\dimen188
\caption@indent=\dimen189
\caption@parindent=\dimen190
\caption@hangindent=\dimen191
Package caption Info: Standard document class detected.
)
\c@caption@flags=\count304
\c@continuedfloat=\count305
Package caption Info: float package is loaded.
)
Package caption Info: New subtype `subfigure' on input line 238.
\c@subfigure=\count306
Package caption Info: New subtype `subtable' on input line 238.
\c@subtable=\count307
) (D:\Application In Computer\Miktex\install\tex/latex/titlesec\titlesec.sty
Package: titlesec 2025/01/04 v2.17 Sectioning titles
\ttl@box=\box59
\beforetitleunit=\skip56
\aftertitleunit=\skip57
\ttl@plus=\dimen192
\ttl@minus=\dimen193
\ttl@toksa=\toks29
\titlewidth=\dimen194
\titlewidthlast=\dimen195
\titlewidthfirst=\dimen196
) (D:\Application In Computer\Miktex\install\tex/latex/fancyhdr\fancyhdr.sty
Package: fancyhdr 2025/02/07 v5.2 Extensive control of page headers and footers
\f@nch@headwidth=\skip58
\f@nch@offset@elh=\skip59
\f@nch@offset@erh=\skip60
\f@nch@offset@olh=\skip61
\f@nch@offset@orh=\skip62
\f@nch@offset@elf=\skip63
\f@nch@offset@erf=\skip64
\f@nch@offset@olf=\skip65
\f@nch@offset@orf=\skip66
\f@nch@height=\skip67
\f@nch@footalignment=\skip68
\f@nch@widthL=\skip69
\f@nch@widthC=\skip70
\f@nch@widthR=\skip71
\@temptokenb=\toks30
) (D:\Application In Computer\Miktex\install\tex/latex/pgf/frontendlayer\tikz.sty (D:\Application In Computer\Miktex\install\tex/latex/pgf/basiclayer\pgf.sty (D:\Application In Computer\Miktex\install\tex/latex/pgf/utilities\pgfrcs.sty (D:\Application In Computer\Miktex\install\tex/generic/pgf/utilities\pgfutil-common.tex
\pgfutil@everybye=\toks31
\pgfutil@tempdima=\dimen197
\pgfutil@tempdimb=\dimen198
) (D:\Application In Computer\Miktex\install\tex/generic/pgf/utilities\pgfutil-latex.def
\pgfutil@abb=\box60
) (D:\Application In Computer\Miktex\install\tex/generic/pgf/utilities\pgfrcs.code.tex (D:\Application In Computer\Miktex\install\tex/generic/pgf\pgf.revision.tex)
Package: pgfrcs 2025-08-29 v3.1.11a (3.1.11a)
))
Package: pgf 2025-08-29 v3.1.11a (3.1.11a)
 (D:\Application In Computer\Miktex\install\tex/latex/pgf/basiclayer\pgfcore.sty (D:\Application In Computer\Miktex\install\tex/latex/pgf/systemlayer\pgfsys.sty (D:\Application In Computer\Miktex\install\tex/generic/pgf/systemlayer\pgfsys.code.tex
Package: pgfsys 2025-08-29 v3.1.11a (3.1.11a)
 (D:\Application In Computer\Miktex\install\tex/generic/pgf/utilities\pgfkeys.code.tex
\pgfkeys@pathtoks=\toks32
\pgfkeys@temptoks=\toks33
 (D:\Application In Computer\Miktex\install\tex/generic/pgf/utilities\pgfkeyslibraryfiltered.code.tex
\pgfkeys@tmptoks=\toks34
))
\pgf@x=\dimen199
\pgf@y=\dimen256
\pgf@xa=\dimen257
\pgf@ya=\dimen258
\pgf@xb=\dimen259
\pgf@yb=\dimen260
\pgf@xc=\dimen261
\pgf@yc=\dimen262
\pgf@xd=\dimen263
\pgf@yd=\dimen264
\w@pgf@writea=\write3
\r@pgf@reada=\read2
\c@pgf@counta=\count308
\c@pgf@countb=\count309
\c@pgf@countc=\count310
\c@pgf@countd=\count311
\t@pgf@toka=\toks35
\t@pgf@tokb=\toks36
\t@pgf@tokc=\toks37
\pgf@sys@id@count=\count312
 (D:\Application In Computer\Miktex\install\tex/generic/pgf/systemlayer\pgf.cfg
File: pgf.cfg 2025-08-29 v3.1.11a (3.1.11a)
)
Driver file for pgf: pgfsys-pdftex.def
 (D:\Application In Computer\Miktex\install\tex/generic/pgf/systemlayer\pgfsys-pdftex.def
File: pgfsys-pdftex.def 2025-08-29 v3.1.11a (3.1.11a)
 (D:\Application In Computer\Miktex\install\tex/generic/pgf/systemlayer\pgfsys-common-pdf.def
File: pgfsys-common-pdf.def 2025-08-29 v3.1.11a (3.1.11a)
))) (D:\Application In Computer\Miktex\install\tex/generic/pgf/systemlayer\pgfsyssoftpath.code.tex
File: pgfsyssoftpath.code.tex 2025-08-29 v3.1.11a (3.1.11a)
\pgfsyssoftpath@smallbuffer@items=\count313
\pgfsyssoftpath@bigbuffer@items=\count314
) (D:\Application In Computer\Miktex\install\tex/generic/pgf/systemlayer\pgfsysprotocol.code.tex
File: pgfsysprotocol.code.tex 2025-08-29 v3.1.11a (3.1.11a)
)) (D:\Application In Computer\Miktex\install\tex/latex/xcolor\xcolor.sty
Package: xcolor 2024/09/29 v3.02 LaTeX color extensions (UK)
 (D:\Application In Computer\Miktex\install\tex/latex/graphics-cfg\color.cfg
File: color.cfg 2016/01/02 v1.6 sample color configuration
)
Package xcolor Info: Driver file: pdftex.def on input line 274.
 (D:\Application In Computer\Miktex\install\tex/latex/graphics\mathcolor.ltx)
Package xcolor Info: Model `cmy' substituted by `cmy0' on input line 1349.
Package xcolor Info: Model `hsb' substituted by `rgb' on input line 1353.
Package xcolor Info: Model `RGB' extended on input line 1365.
Package xcolor Info: Model `HTML' substituted by `rgb' on input line 1367.
Package xcolor Info: Model `Hsb' substituted by `hsb' on input line 1368.
Package xcolor Info: Model `tHsb' substituted by `hsb' on input line 1369.
Package xcolor Info: Model `HSB' substituted by `hsb' on input line 1370.
Package xcolor Info: Model `Gray' substituted by `gray' on input line 1371.
Package xcolor Info: Model `wave' substituted by `hsb' on input line 1372.
) (D:\Application In Computer\Miktex\install\tex/generic/pgf/basiclayer\pgfcore.code.tex
Package: pgfcore 2025-08-29 v3.1.11a (3.1.11a)
 (D:\Application In Computer\Miktex\install\tex/generic/pgf/math\pgfmath.code.tex (D:\Application In Computer\Miktex\install\tex/generic/pgf/math\pgfmathutil.code.tex) (D:\Application In Computer\Miktex\install\tex/generic/pgf/math\pgfmathparser.code.tex
\pgfmath@dimen=\dimen265
\pgfmath@count=\count315
\pgfmath@box=\box61
\pgfmath@toks=\toks38
\pgfmath@stack@operand=\toks39
\pgfmath@stack@operation=\toks40
) (D:\Application In Computer\Miktex\install\tex/generic/pgf/math\pgfmathfunctions.code.tex) (D:\Application In Computer\Miktex\install\tex/generic/pgf/math\pgfmathfunctions.basic.code.tex) (D:\Application In Computer\Miktex\install\tex/generic/pgf/math\pgfmathfunctions.trigonometric.code.tex) (D:\Application In Computer\Miktex\install\tex/generic/pgf/math\pgfmathfunctions.random.code.tex) (D:\Application In Computer\Miktex\install\tex/generic/pgf/math\pgfmathfunctions.comparison.code.tex) (D:\Application In Computer\Miktex\install\tex/generic/pgf/math\pgfmathfunctions.base.code.tex) (D:\Application In Computer\Miktex\install\tex/generic/pgf/math\pgfmathfunctions.round.code.tex) (D:\Application In Computer\Miktex\install\tex/generic/pgf/math\pgfmathfunctions.misc.code.tex) (D:\Application In Computer\Miktex\install\tex/generic/pgf/math\pgfmathfunctions.integerarithmetics.code.tex) (D:\Application In Computer\Miktex\install\tex/generic/pgf/math\pgfmathcalc.code.tex) (D:\Application In Computer\Miktex\install\tex/generic/pgf/math\pgfmathfloat.code.tex
\c@pgfmathroundto@lastzeros=\count316
)) (D:\Application In Computer\Miktex\install\tex/generic/pgf/math\pgfint.code.tex) (D:\Application In Computer\Miktex\install\tex/generic/pgf/basiclayer\pgfcorepoints.code.tex
File: pgfcorepoints.code.tex 2025-08-29 v3.1.11a (3.1.11a)
\pgf@picminx=\dimen266
\pgf@picmaxx=\dimen267
\pgf@picminy=\dimen268
\pgf@picmaxy=\dimen269
\pgf@pathminx=\dimen270
\pgf@pathmaxx=\dimen271
\pgf@pathminy=\dimen272
\pgf@pathmaxy=\dimen273
\pgf@xx=\dimen274
\pgf@xy=\dimen275
\pgf@yx=\dimen276
\pgf@yy=\dimen277
\pgf@zx=\dimen278
\pgf@zy=\dimen279
) (D:\Application In Computer\Miktex\install\tex/generic/pgf/basiclayer\pgfcorepathconstruct.code.tex
File: pgfcorepathconstruct.code.tex 2025-08-29 v3.1.11a (3.1.11a)
\pgf@path@lastx=\dimen280
\pgf@path@lasty=\dimen281
) (D:\Application In Computer\Miktex\install\tex/generic/pgf/basiclayer\pgfcorepathusage.code.tex
File: pgfcorepathusage.code.tex 2025-08-29 v3.1.11a (3.1.11a)
\pgf@shorten@end@additional=\dimen282
\pgf@shorten@start@additional=\dimen283
) (D:\Application In Computer\Miktex\install\tex/generic/pgf/basiclayer\pgfcorescopes.code.tex
File: pgfcorescopes.code.tex 2025-08-29 v3.1.11a (3.1.11a)
\pgfpic=\box62
\pgf@hbox=\box63
\pgf@layerbox@main=\box64
\pgf@picture@serial@count=\count317
) (D:\Application In Computer\Miktex\install\tex/generic/pgf/basiclayer\pgfcoregraphicstate.code.tex
File: pgfcoregraphicstate.code.tex 2025-08-29 v3.1.11a (3.1.11a)
\pgflinewidth=\dimen284
) (D:\Application In Computer\Miktex\install\tex/generic/pgf/basiclayer\pgfcoretransformations.code.tex
File: pgfcoretransformations.code.tex 2025-08-29 v3.1.11a (3.1.11a)
\pgf@pt@x=\dimen285
\pgf@pt@y=\dimen286
\pgf@pt@temp=\dimen287
) (D:\Application In Computer\Miktex\install\tex/generic/pgf/basiclayer\pgfcorequick.code.tex
File: pgfcorequick.code.tex 2025-08-29 v3.1.11a (3.1.11a)
) (D:\Application In Computer\Miktex\install\tex/generic/pgf/basiclayer\pgfcoreobjects.code.tex
File: pgfcoreobjects.code.tex 2025-08-29 v3.1.11a (3.1.11a)
) (D:\Application In Computer\Miktex\install\tex/generic/pgf/basiclayer\pgfcorepathprocessing.code.tex
File: pgfcorepathprocessing.code.tex 2025-08-29 v3.1.11a (3.1.11a)
) (D:\Application In Computer\Miktex\install\tex/generic/pgf/basiclayer\pgfcorearrows.code.tex
File: pgfcorearrows.code.tex 2025-08-29 v3.1.11a (3.1.11a)
\pgfarrowsep=\dimen288
) (D:\Application In Computer\Miktex\install\tex/generic/pgf/basiclayer\pgfcoreshade.code.tex
File: pgfcoreshade.code.tex 2025-08-29 v3.1.11a (3.1.11a)
\pgf@max=\dimen289
\pgf@sys@shading@range@num=\count318
\pgf@shadingcount=\count319
) (D:\Application In Computer\Miktex\install\tex/generic/pgf/basiclayer\pgfcoreimage.code.tex
File: pgfcoreimage.code.tex 2025-08-29 v3.1.11a (3.1.11a)
) (D:\Application In Computer\Miktex\install\tex/generic/pgf/basiclayer\pgfcoreexternal.code.tex
File: pgfcoreexternal.code.tex 2025-08-29 v3.1.11a (3.1.11a)
\pgfexternal@startupbox=\box65
) (D:\Application In Computer\Miktex\install\tex/generic/pgf/basiclayer\pgfcorelayers.code.tex
File: pgfcorelayers.code.tex 2025-08-29 v3.1.11a (3.1.11a)
) (D:\Application In Computer\Miktex\install\tex/generic/pgf/basiclayer\pgfcoretransparency.code.tex
File: pgfcoretransparency.code.tex 2025-08-29 v3.1.11a (3.1.11a)
) (D:\Application In Computer\Miktex\install\tex/generic/pgf/basiclayer\pgfcorepatterns.code.tex
File: pgfcorepatterns.code.tex 2025-08-29 v3.1.11a (3.1.11a)
) (D:\Application In Computer\Miktex\install\tex/generic/pgf/basiclayer\pgfcorerdf.code.tex
File: pgfcorerdf.code.tex 2025-08-29 v3.1.11a (3.1.11a)
))) (D:\Application In Computer\Miktex\install\tex/generic/pgf/modules\pgfmoduleshapes.code.tex
File: pgfmoduleshapes.code.tex 2025-08-29 v3.1.11a (3.1.11a)
\pgfnodeparttextbox=\box66
) (D:\Application In Computer\Miktex\install\tex/generic/pgf/modules\pgfmoduleplot.code.tex
File: pgfmoduleplot.code.tex 2025-08-29 v3.1.11a (3.1.11a)
) (D:\Application In Computer\Miktex\install\tex/latex/pgf/compatibility\pgfcomp-version-0-65.sty
Package: pgfcomp-version-0-65 2025-08-29 v3.1.11a (3.1.11a)
\pgf@nodesepstart=\dimen290
\pgf@nodesepend=\dimen291
) (D:\Application In Computer\Miktex\install\tex/latex/pgf/compatibility\pgfcomp-version-1-18.sty
Package: pgfcomp-version-1-18 2025-08-29 v3.1.11a (3.1.11a)
)) (D:\Application In Computer\Miktex\install\tex/latex/pgf/utilities\pgffor.sty (D:\Application In Computer\Miktex\install\tex/latex/pgf/utilities\pgfkeys.sty (D:\Application In Computer\Miktex\install\tex/generic/pgf/utilities\pgfkeys.code.tex)) (D:\Application In Computer\Miktex\install\tex/latex/pgf/math\pgfmath.sty (D:\Application In Computer\Miktex\install\tex/generic/pgf/math\pgfmath.code.tex)) (D:\Application In Computer\Miktex\install\tex/generic/pgf/utilities\pgffor.code.tex
Package: pgffor 2025-08-29 v3.1.11a (3.1.11a)
\pgffor@iter=\dimen292
\pgffor@skip=\dimen293
\pgffor@stack=\toks41
\pgffor@toks=\toks42
)) (D:\Application In Computer\Miktex\install\tex/generic/pgf/frontendlayer/tikz\tikz.code.tex
Package: tikz 2025-08-29 v3.1.11a (3.1.11a)
 (D:\Application In Computer\Miktex\install\tex/generic/pgf/libraries\pgflibraryplothandlers.code.tex
File: pgflibraryplothandlers.code.tex 2025-08-29 v3.1.11a (3.1.11a)
\pgf@plot@mark@count=\count320
\pgfplotmarksize=\dimen294
)
\tikz@lastx=\dimen295
\tikz@lasty=\dimen296
\tikz@lastxsaved=\dimen297
\tikz@lastysaved=\dimen298
\tikz@lastmovetox=\dimen299
\tikz@lastmovetoy=\dimen300
\tikzleveldistance=\dimen301
\tikzsiblingdistance=\dimen302
\tikz@figbox=\box67
\tikz@figbox@bg=\box68
\tikz@tempbox=\box69
\tikz@tempbox@bg=\box70
\tikztreelevel=\count321
\tikznumberofchildren=\count322
\tikznumberofcurrentchild=\count323
\tikz@fig@count=\count324
 (D:\Application In Computer\Miktex\install\tex/generic/pgf/modules\pgfmodulematrix.code.tex
File: pgfmodulematrix.code.tex 2025-08-29 v3.1.11a (3.1.11a)
\pgfmatrixcurrentrow=\count325
\pgfmatrixcurrentcolumn=\count326
\pgf@matrix@numberofcolumns=\count327
)
\tikz@expandcount=\count328
 (D:\Application In Computer\Miktex\install\tex/generic/pgf/frontendlayer/tikz/libraries\tikzlibrarytopaths.code.tex
File: tikzlibrarytopaths.code.tex 2025-08-29 v3.1.11a (3.1.11a)
))) (D:\Application In Computer\Miktex\install\tex/generic/pgf/frontendlayer/tikz/libraries\tikzlibrarycalc.code.tex
File: tikzlibrarycalc.code.tex 2025-08-29 v3.1.11a (3.1.11a)
) (D:\Application In Computer\Miktex\install\tex/generic/pgf/frontendlayer/tikz/libraries\tikzlibrarypositioning.code.tex
File: tikzlibrarypositioning.code.tex 2025-08-29 v3.1.11a (3.1.11a)
) (D:\Application In Computer\Miktex\install\tex/generic/pgf/frontendlayer/tikz/libraries\tikzlibraryshapes.code.tex
File: tikzlibraryshapes.code.tex 2025-08-29 v3.1.11a (3.1.11a)
 (D:\Application In Computer\Miktex\install\tex/generic/pgf/frontendlayer/tikz/libraries\tikzlibraryshapes.geometric.code.tex
File: tikzlibraryshapes.geometric.code.tex 2025-08-29 v3.1.11a (3.1.11a)
 (D:\Application In Computer\Miktex\install\tex/generic/pgf/libraries/shapes\pgflibraryshapes.geometric.code.tex
File: pgflibraryshapes.geometric.code.tex 2025-08-29 v3.1.11a (3.1.11a)
)) (D:\Application In Computer\Miktex\install\tex/generic/pgf/frontendlayer/tikz/libraries\tikzlibraryshapes.misc.code.tex
File: tikzlibraryshapes.misc.code.tex 2025-08-29 v3.1.11a (3.1.11a)
 (D:\Application In Computer\Miktex\install\tex/generic/pgf/libraries/shapes\pgflibraryshapes.misc.code.tex
File: pgflibraryshapes.misc.code.tex 2025-08-29 v3.1.11a (3.1.11a)
)) (D:\Application In Computer\Miktex\install\tex/generic/pgf/frontendlayer/tikz/libraries\tikzlibraryshapes.symbols.code.tex
File: tikzlibraryshapes.symbols.code.tex 2025-08-29 v3.1.11a (3.1.11a)
 (D:\Application In Computer\Miktex\install\tex/generic/pgf/libraries/shapes\pgflibraryshapes.symbols.code.tex
File: pgflibraryshapes.symbols.code.tex 2025-08-29 v3.1.11a (3.1.11a)
)) (D:\Application In Computer\Miktex\install\tex/generic/pgf/frontendlayer/tikz/libraries\tikzlibraryshapes.arrows.code.tex
File: tikzlibraryshapes.arrows.code.tex 2025-08-29 v3.1.11a (3.1.11a)
 (D:\Application In Computer\Miktex\install\tex/generic/pgf/libraries/shapes\pgflibraryshapes.arrows.code.tex
File: pgflibraryshapes.arrows.code.tex 2025-08-29 v3.1.11a (3.1.11a)
)) (D:\Application In Computer\Miktex\install\tex/generic/pgf/frontendlayer/tikz/libraries\tikzlibraryshapes.callouts.code.tex (D:\Application In Computer\Miktex\install\tex/generic/pgf/libraries/shapes\pgflibraryshapes.callouts.code.tex)) (D:\Application In Computer\Miktex\install\tex/generic/pgf/frontendlayer/tikz/libraries\tikzlibraryshapes.multipart.code.tex
File: tikzlibraryshapes.multipart.code.tex 2025-08-29 v3.1.11a (3.1.11a)
 (D:\Application In Computer\Miktex\install\tex/generic/pgf/libraries/shapes\pgflibraryshapes.multipart.code.tex
File: pgflibraryshapes.multipart.code.tex 2025-08-29 v3.1.11a (3.1.11a)
\pgfnodepartlowerbox=\box71
\pgfnodeparttwobox=\box72
\pgfnodepartthreebox=\box73
\pgfnodepartfourbox=\box74
\pgfnodeparttwentybox=\box75
\pgfnodepartnineteenbox=\box76
\pgfnodeparteighteenbox=\box77
\pgfnodepartseventeenbox=\box78
\pgfnodepartsixteenbox=\box79
\pgfnodepartfifteenbox=\box80
\pgfnodepartfourteenbox=\box81
\pgfnodepartthirteenbox=\box82
\pgfnodeparttwelvebox=\box83
\pgfnodepartelevenbox=\box84
\pgfnodeparttenbox=\box85
\pgfnodepartninebox=\box86
\pgfnodeparteightbox=\box87
\pgfnodepartsevenbox=\box88
\pgfnodepartsixbox=\box89
\pgfnodepartfivebox=\box90
))) (D:\Application In Computer\Miktex\install\tex/generic/pgf/frontendlayer/tikz/libraries\tikzlibraryarrows.code.tex
File: tikzlibraryarrows.code.tex 2025-08-29 v3.1.11a (3.1.11a)
 (D:\Application In Computer\Miktex\install\tex/generic/pgf/libraries\pgflibraryarrows.code.tex
File: pgflibraryarrows.code.tex 2025-08-29 v3.1.11a (3.1.11a)
\arrowsize=\dimen303
))
(D:\Application In Computer\Miktex\install\tex/latex/tocloft\tocloft.sty
Package: tocloft 2017/08/31 v2.3i parameterised ToC, etc., typesetting
Package tocloft Info: The document has chapter divisions on input line 51.
\cftparskip=\skip72
\cftbeforetoctitleskip=\skip73
\cftaftertoctitleskip=\skip74
\cftbeforepartskip=\skip75
\cftpartnumwidth=\skip76
\cftpartindent=\skip77
\cftbeforechapskip=\skip78
\cftchapindent=\skip79
\cftchapnumwidth=\skip80
\cftbeforesecskip=\skip81
\cftsecindent=\skip82
\cftsecnumwidth=\skip83
\cftbeforesubsecskip=\skip84
\cftsubsecindent=\skip85
\cftsubsecnumwidth=\skip86
\cftbeforesubsubsecskip=\skip87
\cftsubsubsecindent=\skip88
\cftsubsubsecnumwidth=\skip89
\cftbeforeparaskip=\skip90
\cftparaindent=\skip91
\cftparanumwidth=\skip92
\cftbeforesubparaskip=\skip93
\cftsubparaindent=\skip94
\cftsubparanumwidth=\skip95
\cftbeforeloftitleskip=\skip96
\cftafterloftitleskip=\skip97
\cftbeforefigskip=\skip98
\cftfigindent=\skip99
\cftfignumwidth=\skip100
\c@lofdepth=\count329
\c@lotdepth=\count330
\cftbeforelottitleskip=\skip101
\cftafterlottitleskip=\skip102
\cftbeforetabskip=\skip103
\cfttabindent=\skip104
\cfttabnumwidth=\skip105
) (D:\Application In Computer\Miktex\install\tex/latex/tools\indentfirst.sty
Package: indentfirst 2023/07/02 v1.03 Indent first paragraph (DPC)
) (D:\Application In Computer\Miktex\install\tex/latex/pdfpages\pdfpages.sty
Package: pdfpages 2025/07/23 v0.6g Insert pages of external PDF documents (AM)
 (D:\Application In Computer\Miktex\install\tex/latex/tools\calc.sty
Package: calc 2025/03/01 v4.3b Infix arithmetic (KKT,FJ)
\calc@Acount=\count331
\calc@Bcount=\count332
\calc@Adimen=\dimen304
\calc@Bdimen=\dimen305
\calc@Askip=\skip106
\calc@Bskip=\skip107
LaTeX Info: Redefining \setlength on input line 86.
LaTeX Info: Redefining \addtolength on input line 87.
\calc@Ccount=\count333
\calc@Cskip=\skip108
) (D:\Application In Computer\Miktex\install\tex/latex/eso-pic\eso-pic.sty
Package: eso-pic 2023/05/03 v3.0c eso-pic (RN)
\ESO@tempdima=\dimen306
\ESO@tempdimb=\dimen307
) (D:\Application In Computer\Miktex\install\tex/latex/etoolbox\etoolbox.sty
Package: etoolbox 2025/02/11 v2.5l e-TeX tools for LaTeX (JAW)
\etb@tempcnta=\count334
)
\AM@pagewidth=\dimen308
\AM@pageheight=\dimen309
\AM@fboxrule=\dimen310
 (D:\Application In Computer\Miktex\install\tex/latex/pdfpages\pppdftex.def
File: pppdftex.def 2025/07/23 v0.6g Pdfpages driver for pdfTeX (AM)
)
\pdfpages@includegraphics@status=\count335
\AM@pagebox=\box91
\AM@global@opts=\toks43
\AM@pagecnt=\count336
\AM@toc@title=\toks44
\AM@lof@heading=\toks45
\c@AM@survey=\count337
\AM@templatesizebox=\box92
) (D:\Application In Computer\Miktex\install\tex/latex/listings\listings.sty
\lst@mode=\count338
\lst@gtempboxa=\box93
\lst@token=\toks46
\lst@length=\count339
\lst@currlwidth=\dimen311
\lst@column=\count340
\lst@pos=\count341
\lst@lostspace=\dimen312
\lst@width=\dimen313
\lst@newlines=\count342
\lst@lineno=\count343
\lst@maxwidth=\dimen314
 (D:\Application In Computer\Miktex\install\tex/latex/listings\lstpatch.sty
File: lstpatch.sty 2024/09/23 1.10c (Carsten Heinz)
) (D:\Application In Computer\Miktex\install\tex/latex/listings\lstmisc.sty
File: lstmisc.sty 2024/09/23 1.10c (Carsten Heinz)
\c@lstnumber=\count344
\lst@skipnumbers=\count345
\lst@framebox=\box94
) (D:\Application In Computer\Miktex\install\tex/latex/listings\listings.cfg
File: listings.cfg 2024/09/23 1.10c listings configuration
))
Package: listings 2024/09/23 1.10c (Carsten Heinz)
 (D:\Application In Computer\Miktex\install\tex/latex/enumitem\enumitem.sty
Package: enumitem 2025/02/06 v3.11 Customized lists
\labelindent=\skip109
\enit@outerparindent=\dimen315
\enit@toks=\toks47
\enit@inbox=\box95
\enit@count@id=\count346
\enitdp@description=\count347
) (D:\Application In Computer\Miktex\install\tex/latex/url\url.sty
\Urlmuskip=\muskip18
Package: url 2013/09/16  ver 3.4  Verb mode for urls, etc.
) (D:\Application In Computer\Miktex\install\tex/latex/tools\tabularx.sty
Package: tabularx 2023/12/11 v2.12a `tabularx' package (DPC)
\TX@col@width=\dimen316
\TX@old@table=\dimen317
\TX@old@col=\dimen318
\TX@target=\dimen319
\TX@delta=\dimen320
\TX@cols=\count348
\TX@ftn=\toks48
) (D:\Application In Computer\Miktex\install\tex/latex/psnfss\pifont.sty
Package: pifont 2020/03/25 PSNFSS-v9.3 Pi font support (SPQR) 
LaTeX Font Info:    Trying to load font information for U+pzd on input line 63.
 (D:\Application In Computer\Miktex\install\tex/latex/psnfss\upzd.fd
File: upzd.fd 2001/06/04 font definitions for U/pzd.
)
LaTeX Font Info:    Trying to load font information for U+psy on input line 64.
 (D:\Application In Computer\Miktex\install\tex/latex/psnfss\upsy.fd
File: upsy.fd 2001/06/04 font definitions for U/psy.
)) (D:\Application In Computer\Miktex\install\tex/latex/tools\longtable.sty
Package: longtable 2024-12-18 v4.23 Multi-page Table package (DPC)
\LTleft=\skip110
\LTright=\skip111
\LTpre=\skip112
\LTpost=\skip113
\LTchunksize=\count349
\LTcapwidth=\dimen321
\LT@head=\box96
\LT@firsthead=\box97
\LT@foot=\box98
\LT@lastfoot=\box99
\LT@gbox=\box100
\LT@cols=\count350
\LT@rows=\count351
\c@LT@tables=\count352
\c@LT@chunks=\count353
\LT@p@ftn=\toks49
) (D:\Application In Computer\Miktex\install\tex/latex/hyperref\hyperref.sty
Package: hyperref 2025-07-12 v7.01o Hypertext links for LaTeX
 (D:\Application In Computer\Miktex\install\tex/latex/kvsetkeys\kvsetkeys.sty
Package: kvsetkeys 2022-10-05 v1.19 Key value parser (HO)
) (D:\Application In Computer\Miktex\install\tex/generic/kvdefinekeys\kvdefinekeys.sty
Package: kvdefinekeys 2019-12-19 v1.6 Define keys (HO)
) (D:\Application In Computer\Miktex\install\tex/generic/pdfescape\pdfescape.sty
Package: pdfescape 2019/12/09 v1.15 Implements pdfTeX's escape features (HO)
 (D:\Application In Computer\Miktex\install\tex/generic/ltxcmds\ltxcmds.sty
Package: ltxcmds 2023-12-04 v1.26 LaTeX kernel commands for general use (HO)
) (D:\Application In Computer\Miktex\install\tex/generic/pdftexcmds\pdftexcmds.sty
Package: pdftexcmds 2020-06-27 v0.33 Utility functions of pdfTeX for LuaTeX (HO)
 (D:\Application In Computer\Miktex\install\tex/generic/infwarerr\infwarerr.sty
Package: infwarerr 2019/12/03 v1.5 Providing info/warning/error messages (HO)
)
Package pdftexcmds Info: \pdf@primitive is available.
Package pdftexcmds Info: \pdf@ifprimitive is available.
Package pdftexcmds Info: \pdfdraftmode found.
)) (D:\Application In Computer\Miktex\install\tex/latex/hycolor\hycolor.sty
Package: hycolor 2020-01-27 v1.10 Color options for hyperref/bookmark (HO)
) (D:\Application In Computer\Miktex\install\tex/latex/hyperref\nameref.sty
Package: nameref 2025-06-21 v2.57 Cross-referencing by name of section
 (D:\Application In Computer\Miktex\install\tex/latex/refcount\refcount.sty
Package: refcount 2019/12/15 v3.6 Data extraction from label references (HO)
) (D:\Application In Computer\Miktex\install\tex/generic/gettitlestring\gettitlestring.sty
Package: gettitlestring 2019/12/15 v1.6 Cleanup title references (HO)
 (D:\Application In Computer\Miktex\install\tex/latex/kvoptions\kvoptions.sty
Package: kvoptions 2022-06-15 v3.15 Key value format for package options (HO)
))
\c@section@level=\count354
) (D:\Application In Computer\Miktex\install\tex/generic/stringenc\stringenc.sty
Package: stringenc 2019/11/29 v1.12 Convert strings between diff. encodings (HO)
)
\@linkdim=\dimen322
\Hy@linkcounter=\count355
\Hy@pagecounter=\count356
 (D:\Application In Computer\Miktex\install\tex/latex/hyperref\pd1enc.def
File: pd1enc.def 2025-07-12 v7.01o Hyperref: PDFDocEncoding definition (HO)
Now handling font encoding PD1 ...
... no UTF-8 mapping file for font encoding PD1
) (D:\Application In Computer\Miktex\install\tex/generic/intcalc\intcalc.sty
Package: intcalc 2019/12/15 v1.3 Expandable calculations with integers (HO)
)
\Hy@SavedSpaceFactor=\count357
 (D:\Application In Computer\Miktex\install\tex/latex/hyperref\puenc.def
File: puenc.def 2025-07-12 v7.01o Hyperref: PDF Unicode definition (HO)
Now handling font encoding PU ...
... no UTF-8 mapping file for font encoding PU
)
Package hyperref Info: Hyper figures OFF on input line 4195.
Package hyperref Info: Link nesting OFF on input line 4200.
Package hyperref Info: Hyper index ON on input line 4203.
Package hyperref Info: Plain pages OFF on input line 4210.
Package hyperref Info: Backreferencing OFF on input line 4215.
Package hyperref Info: Implicit mode ON; LaTeX internals redefined.
Package hyperref Info: Bookmarks ON on input line 4462.
\c@Hy@tempcnt=\count358
LaTeX Info: Redefining \url on input line 4801.
\XeTeXLinkMargin=\dimen323
 (D:\Application In Computer\Miktex\install\tex/generic/bitset\bitset.sty
Package: bitset 2019/12/09 v1.3 Handle bit-vector datatype (HO)
 (D:\Application In Computer\Miktex\install\tex/generic/bigintcalc\bigintcalc.sty
Package: bigintcalc 2019/12/15 v1.5 Expandable calculations on big integers (HO)
))
\Fld@menulength=\count359
\Field@Width=\dimen324
\Fld@charsize=\dimen325
Package hyperref Info: Hyper figures OFF on input line 6078.
Package hyperref Info: Link nesting OFF on input line 6083.
Package hyperref Info: Hyper index ON on input line 6086.
Package hyperref Info: backreferencing OFF on input line 6093.
Package hyperref Info: Link coloring OFF on input line 6098.
Package hyperref Info: Link coloring with OCG OFF on input line 6103.
Package hyperref Info: PDF/A mode OFF on input line 6108.
\Hy@abspage=\count360
\c@Item=\count361
\c@Hfootnote=\count362
)
Package hyperref Info: Driver (autodetected): hpdftex.
 (D:\Application In Computer\Miktex\install\tex/latex/hyperref\hpdftex.def
File: hpdftex.def 2025-07-12 v7.01o Hyperref driver for pdfTeX
\Fld@listcount=\count363
\c@bookmark@seq@number=\count364
 (D:\Application In Computer\Miktex\install\tex/latex/rerunfilecheck\rerunfilecheck.sty
Package: rerunfilecheck 2025-06-21 v1.11 Rerun checks for auxiliary files (HO)
 (D:\Application In Computer\Miktex\install\tex/generic/uniquecounter\uniquecounter.sty
Package: uniquecounter 2019/12/15 v1.4 Provide unlimited unique counter (HO)
)
Package uniquecounter Info: New unique counter `rerunfilecheck' on input line 284.
)
\Hy@SectionHShift=\skip114
)
LaTeX Font Info:    Trying to load font information for T5+ptm on input line 111.
 (D:\Application In Computer\Miktex\install\tex/latex/vntex\t5ptm.fd
File: t5utm.fd 2005/08/24 Fontinst v1.929 font definitions for T5/ptm.
) (D:\Application In Computer\Miktex\install\tex/latex/l3backend\l3backend-pdftex.def
File: l3backend-pdftex.def 2025-06-09 L3 backend support: PDF output (pdfTeX)
\l__color_backend_stack_int=\count365
) (main.aux

LaTeX Warning: Label `fig:ethernet' multiply defined.


LaTeX Warning: Label `fig:mcu_esp32' multiply defined.


LaTeX Warning: Label `fig:mcu_esp32' multiply defined.


LaTeX Warning: Label `fig:bottom_hide_3d' multiply defined.


LaTeX Warning: Label `fig:bottom_hide_3d' multiply defined.


LaTeX Warning: Label `fig:bottom_hide_3d' multiply defined.


LaTeX Warning: Label `fig:bottom_hide_3d' multiply defined.


LaTeX Warning: Label `fig:bottom_hide_3d' multiply defined.


LaTeX Warning: Label `fig:add_new' multiply defined.


LaTeX Warning: Label `fig:bottom_hide_3d' multiply defined.


LaTeX Warning: Label `fig:add_new' multiply defined.


LaTeX Warning: Label `fig:bottom_hide_3d' multiply defined.


LaTeX Warning: Label `fig:detail_reg' multiply defined.


LaTeX Warning: Label `fig:detail_reg' multiply defined.

)
\openout1 = `main.aux'.

LaTeX Font Info:    Checking defaults for OML/cmm/m/it on input line 111.
LaTeX Font Info:    ... okay on input line 111.
LaTeX Font Info:    Checking defaults for OMS/cmsy/m/n on input line 111.
LaTeX Font Info:    ... okay on input line 111.
LaTeX Font Info:    Checking defaults for OT1/cmr/m/n on input line 111.
LaTeX Font Info:    ... okay on input line 111.
LaTeX Font Info:    Checking defaults for T1/cmr/m/n on input line 111.
LaTeX Font Info:    ... okay on input line 111.
LaTeX Font Info:    Checking defaults for TS1/cmr/m/n on input line 111.
LaTeX Font Info:    ... okay on input line 111.
LaTeX Font Info:    Checking defaults for OMX/cmex/m/n on input line 111.
LaTeX Font Info:    ... okay on input line 111.
LaTeX Font Info:    Checking defaults for U/cmr/m/n on input line 111.
LaTeX Font Info:    ... okay on input line 111.
LaTeX Font Info:    Checking defaults for T5/cmr/m/n on input line 111.
LaTeX Font Info:    ... okay on input line 111.
LaTeX Font Info:    Checking defaults for PD1/pdf/m/n on input line 111.
LaTeX Font Info:    ... okay on input line 111.
LaTeX Font Info:    Checking defaults for PU/pdf/m/n on input line 111.
LaTeX Font Info:    ... okay on input line 111.
 (D:\Application In Computer\Miktex\install\tex/context/base/mkii\supp-pdf.mkii
[Loading MPS to PDF converter (version 2006.09.02).]
\scratchcounter=\count366
\scratchdimen=\dimen326
\scratchbox=\box101
\nofMPsegments=\count367
\nofMParguments=\count368
\everyMPshowfont=\toks50
\MPscratchCnt=\count369
\MPscratchDim=\dimen327
\MPnumerator=\count370
\makeMPintoPDFobject=\count371
\everyMPtoPDFconversion=\toks51
) (D:\Application In Computer\Miktex\install\tex/latex/epstopdf-pkg\epstopdf-base.sty
Package: epstopdf-base 2020-01-24 v2.11 Base part for package epstopdf
Package epstopdf-base Info: Redefining graphics rule for `.eps' on input line 485.
 (D:\Application In Computer\Miktex\install\tex/latex/00miktex\epstopdf-sys.cfg
File: epstopdf-sys.cfg 2021/03/18 v2.0 Configuration of epstopdf for MiKTeX
))
*geometry* driver: auto-detecting
*geometry* detected driver: pdftex
*geometry* verbose mode - [ preamble ] result:
* driver: pdftex
* paper: a4paper
* layout: <same size as paper>
* layoutoffset:(h,v)=(0.0pt,0.0pt)
* modes: 
* h-part:(L,W,R)=(113.81102pt, 412.56497pt, 71.13188pt)
* v-part:(T,H,B)=(113.81102pt, 660.10394pt, 71.13188pt)
* \paperwidth=597.50787pt
* \paperheight=845.04684pt
* \textwidth=412.56497pt
* \textheight=660.10394pt
* \oddsidemargin=41.54103pt
* \evensidemargin=41.54103pt
* \topmargin=4.54103pt
* \headheight=12.0pt
* \headsep=25.0pt
* \topskip=12.0pt
* \footskip=30.0pt
* \marginparwidth=35.0pt
* \marginparsep=10.0pt
* \columnsep=10.0pt
* \skip\footins=10.8pt plus 4.0pt minus 2.0pt
* \hoffset=0.0pt
* \voffset=0.0pt
* \mag=1000
* \@twocolumnfalse
* \@twosidefalse
* \@mparswitchfalse
* \@reversemarginfalse
* (1in=72.27pt=25.4mm, 1cm=28.453pt)

Package caption Info: Begin \AtBeginDocument code.
Package caption Info: hyperref package is loaded.
Package caption Info: listings package is loaded.
Package caption Info: longtable package is loaded.
(D:\Application In Computer\Miktex\install\tex/latex/caption\ltcaption.sty
Package: ltcaption 2021/01/08 v1.4c longtable captions (AR)
)
Package caption Info: End \AtBeginDocument code.
 (D:\Application In Computer\Miktex\install\tex/latex/pdflscape\pdflscape.sty
Package: pdflscape 2022-10-27 v0.13 Display of landscape pages in PDF
 (D:\Application In Computer\Miktex\install\tex/latex/pdflscape\pdflscape-nometadata.sty
Package: pdflscape-nometadata 2022-10-28 v0.13 Display of landscape pages in PDF (HO)
 (D:\Application In Computer\Miktex\install\tex/latex/graphics\lscape.sty
Package: lscape 2020/05/28 v3.02 Landscape Pages (DPC)
)
Package pdflscape Info: Auto-detected driver: pdftex on input line 81.
))
\c@lstlisting=\count372
Package hyperref Info: Link coloring OFF on input line 111.
 (main.out) (main.out)
\@outlinefile=\write4
\openout4 = `main.out'.

 (titlepage.tex
<./image/hcmut.png, id=226, 514.3215pt x 491.9178pt>
File: ./image/hcmut.png Graphic file (type png)
<use ./image/hcmut.png>
Package pdftex.def Info: ./image/hcmut.png  used on input line 24.
(pdftex.def)             Requested size: 144.40025pt x 138.11134pt.
LaTeX Font Info:    Calculating math sizes for size <15> on input line 39.
LaTeX Font Info:    Trying to load font information for OT1+ztmcm on input line 39.
 (D:\Application In Computer\Miktex\install\tex/latex/psnfss\ot1ztmcm.fd
File: ot1ztmcm.fd 2000/01/03 Fontinst v1.801 font definitions for OT1/ztmcm.
)
LaTeX Font Info:    Trying to load font information for OML+ztmcm on input line 39.
 (D:\Application In Computer\Miktex\install\tex/latex/psnfss\omlztmcm.fd
File: omlztmcm.fd 2000/01/03 Fontinst v1.801 font definitions for OML/ztmcm.
)
LaTeX Font Info:    Trying to load font information for OMS+ztmcm on input line 39.
 (D:\Application In Computer\Miktex\install\tex/latex/psnfss\omsztmcm.fd
File: omsztmcm.fd 2000/01/03 Fontinst v1.801 font definitions for OMS/ztmcm.
)
LaTeX Font Info:    Trying to load font information for OMX+ztmcm on input line 39.
 (D:\Application In Computer\Miktex\install\tex/latex/psnfss\omxztmcm.fd
File: omxztmcm.fd 2000/01/03 Fontinst v1.801 font definitions for OMX/ztmcm.
)
LaTeX Font Info:    Trying to load font information for OT1+ptm on input line 39.
 (D:\Application In Computer\Miktex\install\tex/latex/psnfss\ot1ptm.fd
File: ot1ptm.fd 2001/06/04 font definitions for OT1/ptm.
)
LaTeX Font Info:    Font shape `OT1/ptm/bx/n' in size <15> not available
(Font)              Font shape `OT1/ptm/b/n' tried instead on input line 39.
LaTeX Font Info:    Font shape `OT1/ptm/bx/n' in size <11.10008> not available
(Font)              Font shape `OT1/ptm/b/n' tried instead on input line 39.
LaTeX Font Info:    Font shape `OT1/ptm/bx/n' in size <9.00009> not available
(Font)              Font shape `OT1/ptm/b/n' tried instead on input line 39.


[1

{C:/Users/DELL/AppData/Local/MiKTeX/fonts/map/pdftex/pdftex.map}{D:/Application In Computer/Miktex/install/fonts/enc/dvips/vntex/t5.enc} <./image/hcmut.png>]) (nhiemvuluanvan.tex
*geometry* verbose mode - [ newgeometry ] result:
* driver: pdftex
* paper: a4paper
* layout: <same size as paper>
* layoutoffset:(h,v)=(0.0pt,0.0pt)
* modes: 
* h-part:(L,W,R)=(56.9055pt, 483.69687pt, 56.9055pt)
* v-part:(T,H,B)=(71.13188pt, 702.78308pt, 71.13188pt)
* \paperwidth=597.50787pt
* \paperheight=845.04684pt
* \textwidth=483.69687pt
* \textheight=702.78308pt
* \oddsidemargin=-15.36449pt
* \evensidemargin=-15.36449pt
* \topmargin=-38.1381pt
* \headheight=12.0pt
* \headsep=25.0pt
* \topskip=12.0pt
* \footskip=30.0pt
* \marginparwidth=35.0pt
* \marginparsep=10.0pt
* \columnsep=10.0pt
* \skip\footins=10.8pt plus 4.0pt minus 2.0pt
* \hoffset=0.0pt
* \voffset=0.0pt
* \mag=1000
* \@twocolumnfalse
* \@twosidefalse
* \@mparswitchfalse
* \@reversemarginfalse
* (1in=72.27pt=25.4mm, 1cm=28.453pt)

LaTeX Font Info:    Calculating math sizes for size <13> on input line 17.
LaTeX Font Info:    Font shape `OT1/ptm/bx/n' in size <13> not available
(Font)              Font shape `OT1/ptm/b/n' tried instead on input line 17.
LaTeX Font Info:    Font shape `OT1/ptm/bx/n' in size <9.62007> not available
(Font)              Font shape `OT1/ptm/b/n' tried instead on input line 17.
LaTeX Font Info:    Font shape `OT1/ptm/bx/n' in size <7.80008> not available
(Font)              Font shape `OT1/ptm/b/n' tried instead on input line 17.
\spanallbutone=\skip115
\insttask=\skip116

Overfull \hbox (2.06078pt too wide) in paragraph at lines 85--85
[]|\T5/ptm/b/n/12 MSSV:| 
 []




pdfTeX warning (ext4): destination with the same identifier (name{page.}) has been already used, duplicate ignored
<to be read again> 
                   \relax 
l.112 \restoregeometry
                       [1

]) (loicamon.tex
Underfull \hbox (badness 10000) in paragraph at lines 5--10

 []


Underfull \hbox (badness 10000) in paragraph at lines 11--12

 []

)


Package fancyhdr Warning: \headheight is too small (12.0pt): 
(fancyhdr)                Make it at least 14.49998pt, for example:
(fancyhdr)                \setlength{\headheight}{14.49998pt}.
(fancyhdr)                You might also make \topmargin smaller:
(fancyhdr)                \addtolength{\topmargin}{-2.49998pt}.

[1



] (tomtatluanvan.tex
Underfull \hbox (badness 10000) in paragraph at lines 5--16

 []


Underfull \hbox (badness 10000) in paragraph at lines 17--27

 []

)


Package fancyhdr Warning: \headheight is too small (12.0pt): 
(fancyhdr)                Make it at least 14.49998pt, for example:
(fancyhdr)                \setlength{\headheight}{14.49998pt}.
(fancyhdr)                You might also make \topmargin smaller:
(fancyhdr)                \addtolength{\topmargin}{-2.49998pt}.

[2

] (main.toc


Package fancyhdr Warning: \headheight is too small (12.0pt): 
(fancyhdr)                Make it at least 14.49998pt, for example:
(fancyhdr)                \setlength{\headheight}{14.49998pt}.
(fancyhdr)                You might also make \topmargin smaller:
(fancyhdr)                \addtolength{\topmargin}{-2.49998pt}.

[3


])
\tf@toc=\write5
\openout5 = `main.toc'.




Package fancyhdr Warning: \headheight is too small (12.0pt): 
(fancyhdr)                Make it at least 14.49998pt, for example:
(fancyhdr)                \setlength{\headheight}{14.49998pt}.
(fancyhdr)                You might also make \topmargin smaller:
(fancyhdr)                \addtolength{\topmargin}{-2.49998pt}.

[4] (main.lof


Package fancyhdr Warning: \headheight is too small (12.0pt): 
(fancyhdr)                Make it at least 14.49998pt, for example:
(fancyhdr)                \setlength{\headheight}{14.49998pt}.
(fancyhdr)                You might also make \topmargin smaller:
(fancyhdr)                \addtolength{\topmargin}{-2.49998pt}.

[5


]


Package fancyhdr Warning: \headheight is too small (12.0pt): 
(fancyhdr)                Make it at least 14.49998pt, for example:
(fancyhdr)                \setlength{\headheight}{14.49998pt}.
(fancyhdr)                You might also make \topmargin smaller:
(fancyhdr)                \addtolength{\topmargin}{-2.49998pt}.

[6])
\tf@lof=\write6
\openout6 = `main.lof'.




Package fancyhdr Warning: \headheight is too small (12.0pt): 
(fancyhdr)                Make it at least 14.49998pt, for example:
(fancyhdr)                \setlength{\headheight}{14.49998pt}.
(fancyhdr)                You might also make \topmargin smaller:
(fancyhdr)                \addtolength{\topmargin}{-2.49998pt}.

[7] (main.lot)
\tf@lot=\write7
\openout7 = `main.lot'.




Package fancyhdr Warning: \headheight is too small (12.0pt): 
(fancyhdr)                Make it at least 14.49998pt, for example:
(fancyhdr)                \setlength{\headheight}{14.49998pt}.
(fancyhdr)                You might also make \topmargin smaller:
(fancyhdr)                \addtolength{\topmargin}{-2.49998pt}.

[8


] (chuong1.tex
Ch\uhorn \ohorn ng 1.



Package fancyhdr Warning: \headheight is too small (12.0pt): 
(fancyhdr)                Make it at least 14.49998pt, for example:
(fancyhdr)                \setlength{\headheight}{14.49998pt}.
(fancyhdr)                You might also make \topmargin smaller:
(fancyhdr)                \addtolength{\topmargin}{-2.49998pt}.

[1


]
Underfull \hbox (badness 10000) in paragraph at lines 23--29

 []

)


Package fancyhdr Warning: \headheight is too small (12.0pt): 
(fancyhdr)                Make it at least 14.49998pt, for example:
(fancyhdr)                \setlength{\headheight}{14.49998pt}.
(fancyhdr)                You might also make \topmargin smaller:
(fancyhdr)                \addtolength{\topmargin}{-2.49998pt}.

[2] (chuong2.tex
Ch\uhorn \ohorn ng 2.
<image/modbus.png, id=489, 501.875pt x 501.875pt>
File: image/modbus.png Graphic file (type png)
<use image/modbus.png>
Package pdftex.def Info: image/modbus.png  used on input line 11.
(pdftex.def)             Requested size: 206.28249pt x 206.28316pt.

Underfull \hbox (badness 10000) in paragraph at lines 16--21

 []

LaTeX Font Info:    Trying to load font information for TS1+ptm on input line 25.
(D:\Application In Computer\Miktex\install\tex/latex/psnfss\ts1ptm.fd
File: ts1ptm.fd 2001/06/04 font definitions for TS1/ptm.
)


Package fancyhdr Warning: \headheight is too small (12.0pt): 
(fancyhdr)                Make it at least 14.49998pt, for example:
(fancyhdr)                \setlength{\headheight}{14.49998pt}.
(fancyhdr)                You might also make \topmargin smaller:
(fancyhdr)                \addtolength{\topmargin}{-2.49998pt}.

[3

{D:/Application In Computer/Miktex/install/fonts/enc/dvips/base/8r.enc} <./image/modbus.png>]
<image/modbus_rtu.png, id=497, 889.82437pt x 344.03531pt>
File: image/modbus_rtu.png Graphic file (type png)
<use image/modbus_rtu.png>
Package pdftex.def Info: image/modbus_rtu.png  used on input line 40.
(pdftex.def)             Requested size: 330.05322pt x 127.60603pt.

Underfull \hbox (badness 10000) in paragraph at lines 44--51

 []


Underfull \hbox (badness 10000) in paragraph at lines 52--55

 []

<image/rs485_120ohm.png, id=498, 831.105pt x 280.04625pt>
File: image/rs485_120ohm.png Graphic file (type png)
<use image/rs485_120ohm.png>
Package pdftex.def Info: image/rs485_120ohm.png  used on input line 58.
(pdftex.def)             Requested size: 330.05322pt x 111.21315pt.



Package fancyhdr Warning: \headheight is too small (12.0pt): 
(fancyhdr)                Make it at least 14.49998pt, for example:
(fancyhdr)                \setlength{\headheight}{14.49998pt}.
(fancyhdr)                You might also make \topmargin smaller:
(fancyhdr)                \addtolength{\topmargin}{-2.49998pt}.

[4 <./image/modbus_rtu.png (PNG copy)>]
Underfull \hbox (badness 10000) in paragraph at lines 63--66

 []

<image/modbus_rtu_frame.png, id=503, 731.73375pt x 127.22531pt>
File: image/modbus_rtu_frame.png Graphic file (type png)
<use image/modbus_rtu_frame.png>
Package pdftex.def Info: image/modbus_rtu_frame.png  used on input line 70.
(pdftex.def)             Requested size: 391.93546pt x 68.14542pt.
<image/modbus_rtu_frame_req.png, id=504, 1073.51062pt x 132.495pt>
File: image/modbus_rtu_frame_req.png Graphic file (type png)
<use image/modbus_rtu_frame_req.png>
Package pdftex.def Info: image/modbus_rtu_frame_req.png  used on input line 92.
(pdftex.def)             Requested size: 412.56497pt x 50.91873pt.

Underfull \hbox (badness 10000) in paragraph at lines 86--95

 []




Package fancyhdr Warning: \headheight is too small (12.0pt): 
(fancyhdr)                Make it at least 14.49998pt, for example:
(fancyhdr)                \setlength{\headheight}{14.49998pt}.
(fancyhdr)                You might also make \topmargin smaller:
(fancyhdr)                \addtolength{\topmargin}{-2.49998pt}.

[5 <./image/rs485_120ohm.png (PNG copy)> <./image/modbus_rtu_frame.png (PNG copy)>]
<image/modbus_rtu_frame_res.png, id=509, 1072.005pt x 120.45pt>
File: image/modbus_rtu_frame_res.png Graphic file (type png)
<use image/modbus_rtu_frame_res.png>
Package pdftex.def Info: image/modbus_rtu_frame_res.png  used on input line 103.
(pdftex.def)             Requested size: 412.56497pt x 46.35408pt.

Underfull \hbox (badness 10000) in paragraph at lines 96--106

 []

<image/modbus_rtu_frame_err.png, id=510, 1062.21844pt x 121.95563pt>
File: image/modbus_rtu_frame_err.png Graphic file (type png)
<use image/modbus_rtu_frame_err.png>
Package pdftex.def Info: image/modbus_rtu_frame_err.png  used on input line 113.
(pdftex.def)             Requested size: 412.56497pt x 47.3671pt.



Package fancyhdr Warning: \headheight is too small (12.0pt): 
(fancyhdr)                Make it at least 14.49998pt, for example:
(fancyhdr)                \setlength{\headheight}{14.49998pt}.
(fancyhdr)                You might also make \topmargin smaller:
(fancyhdr)                \addtolength{\topmargin}{-2.49998pt}.

[6 <./image/modbus_rtu_frame_req.png (PNG copy)> <./image/modbus_rtu_frame_res.png (PNG copy)> <./image/modbus_rtu_frame_err.png (PNG copy)>]


Package fancyhdr Warning: \headheight is too small (12.0pt): 
(fancyhdr)                Make it at least 14.49998pt, for example:
(fancyhdr)                \setlength{\headheight}{14.49998pt}.
(fancyhdr)                You might also make \topmargin smaller:
(fancyhdr)                \addtolength{\topmargin}{-2.49998pt}.

[7]
<image/ethernet.png, id=520, 513.92pt x 326.21875pt>
File: image/ethernet.png Graphic file (type png)
<use image/ethernet.png>
Package pdftex.def Info: image/ethernet.png  used on input line 164.
(pdftex.def)             Requested size: 247.54149pt x 157.13075pt.



Package fancyhdr Warning: \headheight is too small (12.0pt): 
(fancyhdr)                Make it at least 14.49998pt, for example:
(fancyhdr)                \setlength{\headheight}{14.49998pt}.
(fancyhdr)                You might also make \topmargin smaller:
(fancyhdr)                \addtolength{\topmargin}{-2.49998pt}.

[8 <./image/ethernet.png>]
<image/eth_frame.png, id=525, 785.93625pt x 324.46219pt>
File: image/eth_frame.png Graphic file (type png)
<use image/eth_frame.png>
Package pdftex.def Info: image/eth_frame.png  used on input line 185.
(pdftex.def)             Requested size: 412.56497pt x 170.32538pt.



Package fancyhdr Warning: \headheight is too small (12.0pt): 
(fancyhdr)                Make it at least 14.49998pt, for example:
(fancyhdr)                \setlength{\headheight}{14.49998pt}.
(fancyhdr)                You might also make \topmargin smaller:
(fancyhdr)                \addtolength{\topmargin}{-2.49998pt}.

[9 <./image/eth_frame.png (PNG copy)>]
<image/osi.png, id=531, 489.32813pt x 325.96782pt>
File: image/osi.png Graphic file (type png)
<use image/osi.png>
Package pdftex.def Info: image/osi.png  used on input line 210.
(pdftex.def)             Requested size: 288.79422pt x 192.38399pt.



Package fancyhdr Warning: \headheight is too small (12.0pt): 
(fancyhdr)                Make it at least 14.49998pt, for example:
(fancyhdr)                \setlength{\headheight}{14.49998pt}.
(fancyhdr)                You might also make \topmargin smaller:
(fancyhdr)                \addtolength{\topmargin}{-2.49998pt}.

[10 <./image/osi.png>]
<image/eth_step.png, id=537, 563.10374pt x 316.18124pt>
File: image/eth_step.png Graphic file (type png)
<use image/eth_step.png>
Package pdftex.def Info: image/eth_step.png  used on input line 229.
(pdftex.def)             Requested size: 350.68274pt x 196.9084pt.



Package fancyhdr Warning: \headheight is too small (12.0pt): 
(fancyhdr)                Make it at least 14.49998pt, for example:
(fancyhdr)                \setlength{\headheight}{14.49998pt}.
(fancyhdr)                You might also make \topmargin smaller:
(fancyhdr)                \addtolength{\topmargin}{-2.49998pt}.

[11 <./image/eth_step.png (PNG copy)>]
<image/mqtt.png, id=542, 652.4375pt x 391.4625pt>
File: image/mqtt.png Graphic file (type png)
<use image/mqtt.png>
Package pdftex.def Info: image/mqtt.png  used on input line 244.
(pdftex.def)             Requested size: 247.54149pt x 148.52434pt.



Package fancyhdr Warning: \headheight is too small (12.0pt): 
(fancyhdr)                Make it at least 14.49998pt, for example:
(fancyhdr)                \setlength{\headheight}{14.49998pt}.
(fancyhdr)                You might also make \topmargin smaller:
(fancyhdr)                \addtolength{\topmargin}{-2.49998pt}.

[12 <./image/mqtt.png>]
<image/ble_logo.png, id=548, 1027.84pt x 1027.84pt>
File: image/ble_logo.png Graphic file (type png)
<use image/ble_logo.png>
Package pdftex.def Info: image/ble_logo.png  used on input line 272.
(pdftex.def)             Requested size: 123.77074pt x 123.75893pt.



Package fancyhdr Warning: \headheight is too small (12.0pt): 
(fancyhdr)                Make it at least 14.49998pt, for example:
(fancyhdr)                \setlength{\headheight}{14.49998pt}.
(fancyhdr)                You might also make \topmargin smaller:
(fancyhdr)                \addtolength{\topmargin}{-2.49998pt}.

[13 <./image/ble_logo.png>]
Underfull \hbox (badness 10000) in paragraph at lines 301--307

 []

<image/frontbackview.png, id=554, 451.9284pt x 301.125pt>
File: image/frontbackview.png Graphic file (type png)
<use image/frontbackview.png>
Package pdftex.def Info: image/frontbackview.png  used on input line 310.
(pdftex.def)             Requested size: 288.79422pt x 192.43445pt.



Package fancyhdr Warning: \headheight is too small (12.0pt): 
(fancyhdr)                Make it at least 14.49998pt, for example:
(fancyhdr)                \setlength{\headheight}{14.49998pt}.
(fancyhdr)                You might also make \topmargin smaller:
(fancyhdr)                \addtolength{\topmargin}{-2.49998pt}.

[14 <./image/frontbackview.png>]
<image/restapiview.png, id=560, 1606.0pt x 843.15pt>
File: image/restapiview.png Graphic file (type png)
<use image/restapiview.png>
Package pdftex.def Info: image/restapiview.png  used on input line 335.
(pdftex.def)             Requested size: 288.79422pt x 151.61893pt.
LaTeX Font Info:    Trying to load font information for T5+cmtt on input line 349.
 (D:\Application In Computer\Miktex\install\tex/latex/vntex\t5cmtt.fd
File: t5cmtt.fd 1999/05/25 v2.5h Standard LaTeX font definitions
)
Underfull \hbox (badness 2617) in paragraph at lines 353--353
[]|\T5/ptm/m/n/13 Cªp nhªt thæng tin
 []


Overfull \hbox (2.246pt too wide) in paragraph at lines 344--359
 [][] 
 []


LaTeX Warning: `h' float specifier changed to `ht'.




Package fancyhdr Warning: \headheight is too small (12.0pt): 
(fancyhdr)                Make it at least 14.49998pt, for example:
(fancyhdr)                \setlength{\headheight}{14.49998pt}.
(fancyhdr)                You might also make \topmargin smaller:
(fancyhdr)                \addtolength{\topmargin}{-2.49998pt}.

[15 <./image/restapiview.png>]


Package fancyhdr Warning: \headheight is too small (12.0pt): 
(fancyhdr)                Make it at least 14.49998pt, for example:
(fancyhdr)                \setlength{\headheight}{14.49998pt}.
(fancyhdr)                You might also make \topmargin smaller:
(fancyhdr)                \addtolength{\topmargin}{-2.49998pt}.

[16]
<image/websocketapi.png, id=572, 467.49657pt x 201.00093pt>
File: image/websocketapi.png Graphic file (type png)
<use image/websocketapi.png>
Package pdftex.def Info: image/websocketapi.png  used on input line 390.
(pdftex.def)             Requested size: 288.79422pt x 124.17456pt.
)


Package fancyhdr Warning: \headheight is too small (12.0pt): 
(fancyhdr)                Make it at least 14.49998pt, for example:
(fancyhdr)                \setlength{\headheight}{14.49998pt}.
(fancyhdr)                You might also make \topmargin smaller:
(fancyhdr)                \addtolength{\topmargin}{-2.49998pt}.

[17 <./image/websocketapi.png (PNG copy)>] (chuong3.tex
Ch\uhorn \ohorn ng 3.
<image/so_do_khoi_tong_quat.png, id=577, 876.27374pt x 547.2947pt>
File: image/so_do_khoi_tong_quat.png Graphic file (type png)
<use image/so_do_khoi_tong_quat.png>
Package pdftex.def Info: image/so_do_khoi_tong_quat.png  used on input line 8.
(pdftex.def)             Requested size: 371.30595pt x 231.9082pt.



Package fancyhdr Warning: \headheight is too small (12.0pt): 
(fancyhdr)                Make it at least 14.49998pt, for example:
(fancyhdr)                \setlength{\headheight}{14.49998pt}.
(fancyhdr)                You might also make \topmargin smaller:
(fancyhdr)                \addtolength{\topmargin}{-2.49998pt}.

[18

 <./image/so_do_khoi_tong_quat.png (PNG copy)>]
<image/so_do_luong_du_lieu.png, id=582, 672.26157pt x 572.89032pt>
File: image/so_do_luong_du_lieu.png Graphic file (type png)
<use image/so_do_luong_du_lieu.png>
Package pdftex.def Info: image/so_do_luong_du_lieu.png  used on input line 52.
(pdftex.def)             Requested size: 371.30595pt x 316.41937pt.



Package fancyhdr Warning: \headheight is too small (12.0pt): 
(fancyhdr)                Make it at least 14.49998pt, for example:
(fancyhdr)                \setlength{\headheight}{14.49998pt}.
(fancyhdr)                You might also make \topmargin smaller:
(fancyhdr)                \addtolength{\topmargin}{-2.49998pt}.

[19]
<image/power_tree.png, id=587, 478.03593pt x 563.85657pt>
File: image/power_tree.png Graphic file (type png)
<use image/power_tree.png>
Package pdftex.def Info: image/power_tree.png  used on input line 69.
(pdftex.def)             Requested size: 433.19447pt x 510.96796pt.

Overfull \hbox (20.6295pt too wide) in paragraph at lines 69--70
 [][] 
 []




Package fancyhdr Warning: \headheight is too small (12.0pt): 
(fancyhdr)                Make it at least 14.49998pt, for example:
(fancyhdr)                \setlength{\headheight}{14.49998pt}.
(fancyhdr)                You might also make \topmargin smaller:
(fancyhdr)                \addtolength{\topmargin}{-2.49998pt}.

[20 <./image/so_do_luong_du_lieu.png (PNG copy)>]


Package fancyhdr Warning: \headheight is too small (12.0pt): 
(fancyhdr)                Make it at least 14.49998pt, for example:
(fancyhdr)                \setlength{\headheight}{14.49998pt}.
(fancyhdr)                You might also make \topmargin smaller:
(fancyhdr)                \addtolength{\topmargin}{-2.49998pt}.

[21 <./image/power_tree.png (PNG copy)>]
<image/mcu_esp32.png, id=597, 916.1728pt x 587.19376pt>
File: image/mcu_esp32.png Graphic file (type png)
<use image/mcu_esp32.png>
Package pdftex.def Info: image/mcu_esp32.png  used on input line 88.
(pdftex.def)             Requested size: 412.56497pt x 264.4229pt.
<image/debug_esp32.png, id=598, 1047.16219pt x 347.79938pt>
File: image/debug_esp32.png Graphic file (type png)
<use image/debug_esp32.png>
Package pdftex.def Info: image/debug_esp32.png  used on input line 97.
(pdftex.def)             Requested size: 412.56497pt x 137.02632pt.



Package fancyhdr Warning: \headheight is too small (12.0pt): 
(fancyhdr)                Make it at least 14.49998pt, for example:
(fancyhdr)                \setlength{\headheight}{14.49998pt}.
(fancyhdr)                You might also make \topmargin smaller:
(fancyhdr)                \addtolength{\topmargin}{-2.49998pt}.

[22 <./image/mcu_esp32.png (PNG copy)>]
<image/led_esp32.png, id=603, 712.91344pt x 195.73125pt>
File: image/led_esp32.png Graphic file (type png)
<use image/led_esp32.png>
Package pdftex.def Info: image/led_esp32.png  used on input line 106.
(pdftex.def)             Requested size: 391.93546pt x 107.60472pt.
<image/esp_filter.png, id=604, 695.59875pt x 186.6975pt>
File: image/esp_filter.png Graphic file (type png)
<use image/esp_filter.png>
Package pdftex.def Info: image/esp_filter.png  used on input line 115.
(pdftex.def)             Requested size: 391.93546pt x 105.1937pt.



Package fancyhdr Warning: \headheight is too small (12.0pt): 
(fancyhdr)                Make it at least 14.49998pt, for example:
(fancyhdr)                \setlength{\headheight}{14.49998pt}.
(fancyhdr)                You might also make \topmargin smaller:
(fancyhdr)                \addtolength{\topmargin}{-2.49998pt}.

[23 <./image/debug_esp32.png (PNG copy)> <./image/led_esp32.png (PNG copy)> <./image/esp_filter.png (PNG copy)>]
<image/dc_in.png, id=609, 730.22812pt x 227.34938pt>
File: image/dc_in.png Graphic file (type png)
<use image/dc_in.png>
Package pdftex.def Info: image/dc_in.png  used on input line 124.
(pdftex.def)             Requested size: 391.93546pt x 122.02444pt.
<image/buck_5v.png, id=610, 1057.70157pt x 310.91156pt>
File: image/buck_5v.png Graphic file (type png)
<use image/buck_5v.png>
Package pdftex.def Info: image/buck_5v.png  used on input line 133.
(pdftex.def)             Requested size: 391.93546pt x 115.20625pt.
<image/buck_3v3.png, id=611, 684.30656pt x 263.48438pt>
File: image/buck_3v3.png Graphic file (type png)
<use image/buck_3v3.png>
Package pdftex.def Info: image/buck_3v3.png  used on input line 140.
(pdftex.def)             Requested size: 391.93546pt x 150.91534pt.
<image/isolated_5v.png, id=612, 553.31718pt x 249.18094pt>
File: image/isolated_5v.png Graphic file (type png)
<use image/isolated_5v.png>
Package pdftex.def Info: image/isolated_5v.png  used on input line 148.
(pdftex.def)             Requested size: 391.93546pt x 176.50525pt.



Package fancyhdr Warning: \headheight is too small (12.0pt): 
(fancyhdr)                Make it at least 14.49998pt, for example:
(fancyhdr)                \setlength{\headheight}{14.49998pt}.
(fancyhdr)                You might also make \topmargin smaller:
(fancyhdr)                \addtolength{\topmargin}{-2.49998pt}.

[24 <./image/dc_in.png (PNG copy)> <./image/buck_5v.png (PNG copy)> <./image/buck_3v3.png (PNG copy)>]
<image/pin_rtc.png, id=617, 364.36125pt x 205.5178pt>
File: image/pin_rtc.png Graphic file (type png)
<use image/pin_rtc.png>
Package pdftex.def Info: image/pin_rtc.png  used on input line 158.
(pdftex.def)             Requested size: 206.28249pt x 116.35297pt.
<image/w5500.png, id=618, 785.18344pt x 525.46312pt>
File: image/w5500.png Graphic file (type png)
<use image/w5500.png>
Package pdftex.def Info: image/w5500.png  used on input line 168.
(pdftex.def)             Requested size: 412.56497pt x 276.10478pt.



Package fancyhdr Warning: \headheight is too small (12.0pt): 
(fancyhdr)                Make it at least 14.49998pt, for example:
(fancyhdr)                \setlength{\headheight}{14.49998pt}.
(fancyhdr)                You might also make \topmargin smaller:
(fancyhdr)                \addtolength{\topmargin}{-2.49998pt}.

[25 <./image/isolated_5v.png (PNG copy)> <./image/pin_rtc.png (PNG copy)>]
<image/rj45.png, id=623, 645.16031pt x 366.61969pt>
File: image/rj45.png Graphic file (type png)
<use image/rj45.png>
Package pdftex.def Info: image/rj45.png  used on input line 175.
(pdftex.def)             Requested size: 412.56497pt x 234.44559pt.
<image/filter_eth.png, id=624, 871.75688pt x 390.70969pt>
File: image/filter_eth.png Graphic file (type png)
<use image/filter_eth.png>
Package pdftex.def Info: image/filter_eth.png  used on input line 183.
(pdftex.def)             Requested size: 288.79422pt x 129.42941pt.



Package fancyhdr Warning: \headheight is too small (12.0pt): 
(fancyhdr)                Make it at least 14.49998pt, for example:
(fancyhdr)                \setlength{\headheight}{14.49998pt}.
(fancyhdr)                You might also make \topmargin smaller:
(fancyhdr)                \addtolength{\topmargin}{-2.49998pt}.

[26 <./image/w5500.png (PNG copy)> <./image/rj45.png (PNG copy)>]
<image/eth_other.png, id=629, 748.29562pt x 267.24844pt>
File: image/eth_other.png Graphic file (type png)
<use image/eth_other.png>
Package pdftex.def Info: image/eth_other.png  used on input line 189.
(pdftex.def)             Requested size: 288.79422pt x 103.14175pt.
<image/rs485_max485.png, id=630, 715.17188pt x 623.32875pt>
File: image/rs485_max485.png Graphic file (type png)
<use image/rs485_max485.png>
Package pdftex.def Info: image/rs485_max485.png  used on input line 200.
(pdftex.def)             Requested size: 371.30595pt x 323.62872pt.



Package fancyhdr Warning: \headheight is too small (12.0pt): 
(fancyhdr)                Make it at least 14.49998pt, for example:
(fancyhdr)                \setlength{\headheight}{14.49998pt}.
(fancyhdr)                You might also make \topmargin smaller:
(fancyhdr)                \addtolength{\topmargin}{-2.49998pt}.

[27 <./image/filter_eth.png (PNG copy)> <./image/eth_other.png (PNG copy)>]
<image/rs485_opto.png, id=636, 999.735pt x 579.66562pt>
File: image/rs485_opto.png Graphic file (type png)
<use image/rs485_opto.png>
Package pdftex.def Info: image/rs485_opto.png  used on input line 211.
(pdftex.def)             Requested size: 371.30595pt x 215.28665pt.



Package fancyhdr Warning: \headheight is too small (12.0pt): 
(fancyhdr)                Make it at least 14.49998pt, for example:
(fancyhdr)                \setlength{\headheight}{14.49998pt}.
(fancyhdr)                You might also make \topmargin smaller:
(fancyhdr)                \addtolength{\topmargin}{-2.49998pt}.

[28 <./image/rs485_max485.png (PNG copy)>]
<image/rs485_port.png, id=641, 1001.99344pt x 414.04688pt>
File: image/rs485_port.png Graphic file (type png)
<use image/rs485_port.png>
Package pdftex.def Info: image/rs485_port.png  used on input line 218.
(pdftex.def)             Requested size: 247.54149pt x 102.2858pt.
<image/rs485_filter.png, id=642, 1075.01625pt x 350.81062pt>
File: image/rs485_filter.png Graphic file (type png)
<use image/rs485_filter.png>
Package pdftex.def Info: image/rs485_filter.png  used on input line 224.
(pdftex.def)             Requested size: 247.54149pt x 80.78108pt.
<image/eeprom.png, id=643, 511.15968pt x 461.47406pt>
File: image/eeprom.png Graphic file (type png)
<use image/eeprom.png>
Package pdftex.def Info: image/eeprom.png  used on input line 232.
(pdftex.def)             Requested size: 206.28249pt x 186.22702pt.



Package fancyhdr Warning: \headheight is too small (12.0pt): 
(fancyhdr)                Make it at least 14.49998pt, for example:
(fancyhdr)                \setlength{\headheight}{14.49998pt}.
(fancyhdr)                You might also make \topmargin smaller:
(fancyhdr)                \addtolength{\topmargin}{-2.49998pt}.

[29 <./image/rs485_opto.png (PNG copy)> <./image/rs485_port.png (PNG copy)> <./image/rs485_filter.png (PNG copy)>]
<image/rtc.png, id=648, 617.30624pt x 438.8897pt>
File: image/rtc.png Graphic file (type png)
<use image/rtc.png>
Package pdftex.def Info: image/rtc.png  used on input line 240.
(pdftex.def)             Requested size: 206.28249pt x 146.6623pt.
<image/rtc_filter.png, id=649, 828.84656pt x 590.205pt>
File: image/rtc_filter.png Graphic file (type png)
<use image/rtc_filter.png>
Package pdftex.def Info: image/rtc_filter.png  used on input line 249.
(pdftex.def)             Requested size: 247.54149pt x 176.26134pt.



Package fancyhdr Warning: \headheight is too small (12.0pt): 
(fancyhdr)                Make it at least 14.49998pt, for example:
(fancyhdr)                \setlength{\headheight}{14.49998pt}.
(fancyhdr)                You might also make \topmargin smaller:
(fancyhdr)                \addtolength{\topmargin}{-2.49998pt}.

[30 <./image/eeprom.png (PNG copy)> <./image/rtc.png (PNG copy)>]
<image/but1.png, id=654, 571.38469pt x 368.87813pt>
File: image/but1.png Graphic file (type png)
<use image/but1.png>
Package pdftex.def Info: image/but1.png  used on input line 260.
(pdftex.def)             Requested size: 185.65297pt x 119.85582pt.
<image/but2.png, id=655, 583.42969pt x 366.61969pt>
File: image/but2.png Graphic file (type png)
<use image/but2.png>
Package pdftex.def Info: image/but2.png  used on input line 266.
(pdftex.def)             Requested size: 185.65297pt x 116.66058pt.
<image/but3.png, id=656, 563.10374pt x 369.63094pt>
File: image/but3.png Graphic file (type png)
<use image/but3.png>
Package pdftex.def Info: image/but3.png  used on input line 272.
(pdftex.def)             Requested size: 185.65297pt x 121.86577pt.
<image/lcd.png, id=657, 657.2053pt x 536.0025pt>
File: image/lcd.png Graphic file (type png)
<use image/lcd.png>
Package pdftex.def Info: image/lcd.png  used on input line 280.
(pdftex.def)             Requested size: 247.54149pt x 201.88374pt.



Package fancyhdr Warning: \headheight is too small (12.0pt): 
(fancyhdr)                Make it at least 14.49998pt, for example:
(fancyhdr)                \setlength{\headheight}{14.49998pt}.
(fancyhdr)                You might also make \topmargin smaller:
(fancyhdr)                \addtolength{\topmargin}{-2.49998pt}.

[31 <./image/rtc_filter.png (PNG copy)> <./image/but1.png (PNG copy)> <./image/but2.png (PNG copy)> <./image/but3.png (PNG copy)>])


Package fancyhdr Warning: \headheight is too small (12.0pt): 
(fancyhdr)                Make it at least 14.49998pt, for example:
(fancyhdr)                \setlength{\headheight}{14.49998pt}.
(fancyhdr)                You might also make \topmargin smaller:
(fancyhdr)                \addtolength{\topmargin}{-2.49998pt}.

[32 <./image/lcd.png (PNG copy)>] (chuong4.tex
Ch\uhorn \ohorn ng 4.



Package fancyhdr Warning: \headheight is too small (12.0pt): 
(fancyhdr)                Make it at least 14.49998pt, for example:
(fancyhdr)                \setlength{\headheight}{14.49998pt}.
(fancyhdr)                You might also make \topmargin smaller:
(fancyhdr)                \addtolength{\topmargin}{-2.49998pt}.

[33

]
<image/tong_quat_firmware.png, id=671, 725.71124pt x 512.66531pt>
File: image/tong_quat_firmware.png Graphic file (type png)
<use image/tong_quat_firmware.png>
Package pdftex.def Info: image/tong_quat_firmware.png  used on input line 60.
(pdftex.def)             Requested size: 247.54149pt x 174.86713pt.



Package fancyhdr Warning: \headheight is too small (12.0pt): 
(fancyhdr)                Make it at least 14.49998pt, for example:
(fancyhdr)                \setlength{\headheight}{14.49998pt}.
(fancyhdr)                You might also make \topmargin smaller:
(fancyhdr)                \addtolength{\topmargin}{-2.49998pt}.

[34]


Package fancyhdr Warning: \headheight is too small (12.0pt): 
(fancyhdr)                Make it at least 14.49998pt, for example:
(fancyhdr)                \setlength{\headheight}{14.49998pt}.
(fancyhdr)                You might also make \topmargin smaller:
(fancyhdr)                \addtolength{\topmargin}{-2.49998pt}.

[35 <./image/tong_quat_firmware.png (PNG copy)>]
<image/flowchart_tong_quat_1.png, id=680, 708.39656pt x 532.99126pt>
File: image/flowchart_tong_quat_1.png Graphic file (type png)
<use image/flowchart_tong_quat_1.png>
Package pdftex.def Info: image/flowchart_tong_quat_1.png  used on input line 93.
(pdftex.def)             Requested size: 330.05322pt x 248.33447pt.



Package fancyhdr Warning: \headheight is too small (12.0pt): 
(fancyhdr)                Make it at least 14.49998pt, for example:
(fancyhdr)                \setlength{\headheight}{14.49998pt}.
(fancyhdr)                You might also make \topmargin smaller:
(fancyhdr)                \addtolength{\topmargin}{-2.49998pt}.

[36 <./image/flowchart_tong_quat_1.png (PNG copy)>]
<image/wifi_config.png, id=685, 638.385pt x 598.48593pt>
File: image/wifi_config.png Graphic file (type png)
<use image/wifi_config.png>
Package pdftex.def Info: image/wifi_config.png  used on input line 116.
(pdftex.def)             Requested size: 371.30595pt x 348.09921pt.



Package fancyhdr Warning: \headheight is too small (12.0pt): 
(fancyhdr)                Make it at least 14.49998pt, for example:
(fancyhdr)                \setlength{\headheight}{14.49998pt}.
(fancyhdr)                You might also make \topmargin smaller:
(fancyhdr)                \addtolength{\topmargin}{-2.49998pt}.

[37]


Package fancyhdr Warning: \headheight is too small (12.0pt): 
(fancyhdr)                Make it at least 14.49998pt, for example:
(fancyhdr)                \setlength{\headheight}{14.49998pt}.
(fancyhdr)                You might also make \topmargin smaller:
(fancyhdr)                \addtolength{\topmargin}{-2.49998pt}.

[38 <./image/wifi_config.png (PNG copy)>]
<image/eth_task.png, id=694, 604.50844pt x 497.60907pt>
File: image/eth_task.png Graphic file (type png)
<use image/eth_task.png>
Package pdftex.def Info: image/eth_task.png  used on input line 136.
(pdftex.def)             Requested size: 330.05322pt x 271.6889pt.



Package fancyhdr Warning: \headheight is too small (12.0pt): 
(fancyhdr)                Make it at least 14.49998pt, for example:
(fancyhdr)                \setlength{\headheight}{14.49998pt}.
(fancyhdr)                You might also make \topmargin smaller:
(fancyhdr)                \addtolength{\topmargin}{-2.49998pt}.

[39 <./image/eth_task.png (PNG copy)>]
<image/receive_app.png, id=700, 640.64343pt x 592.46344pt>
File: image/receive_app.png Graphic file (type png)
<use image/receive_app.png>
Package pdftex.def Info: image/receive_app.png  used on input line 153.
(pdftex.def)             Requested size: 350.68274pt x 324.31001pt.



Package fancyhdr Warning: \headheight is too small (12.0pt): 
(fancyhdr)                Make it at least 14.49998pt, for example:
(fancyhdr)                \setlength{\headheight}{14.49998pt}.
(fancyhdr)                You might also make \topmargin smaller:
(fancyhdr)                \addtolength{\topmargin}{-2.49998pt}.

[40 <./image/receive_app.png (PNG copy)>]
<image/rtu_task.png, id=705, 988.44281pt x 548.80031pt>
File: image/rtu_task.png Graphic file (type png)
<use image/rtu_task.png>
Package pdftex.def Info: image/rtu_task.png  used on input line 177.
(pdftex.def)             Requested size: 206.28249pt x 114.5313pt.



Package fancyhdr Warning: \headheight is too small (12.0pt): 
(fancyhdr)                Make it at least 14.49998pt, for example:
(fancyhdr)                \setlength{\headheight}{14.49998pt}.
(fancyhdr)                You might also make \topmargin smaller:
(fancyhdr)                \addtolength{\topmargin}{-2.49998pt}.

[41 <./image/rtu_task.png (PNG copy)>]
<image/baud_task.png, id=710, 811.53188pt x 523.20468pt>
File: image/baud_task.png Graphic file (type png)
<use image/baud_task.png>
Package pdftex.def Info: image/baud_task.png  used on input line 192.
(pdftex.def)             Requested size: 350.68274pt x 226.09131pt.



Package fancyhdr Warning: \headheight is too small (12.0pt): 
(fancyhdr)                Make it at least 14.49998pt, for example:
(fancyhdr)                \setlength{\headheight}{14.49998pt}.
(fancyhdr)                You might also make \topmargin smaller:
(fancyhdr)                \addtolength{\topmargin}{-2.49998pt}.

[42 <./image/baud_task.png (PNG copy)>]
<image/scan_task.png, id=715, 1017.04968pt x 575.14874pt>
File: image/scan_task.png Graphic file (type png)
<use image/scan_task.png>
Package pdftex.def Info: image/scan_task.png  used on input line 213.
(pdftex.def)             Requested size: 453.82397pt x 256.63808pt.

Overfull \hbox (41.259pt too wide) in paragraph at lines 213--214
 [][] 
 []




Package fancyhdr Warning: \headheight is too small (12.0pt): 
(fancyhdr)                Make it at least 14.49998pt, for example:
(fancyhdr)                \setlength{\headheight}{14.49998pt}.
(fancyhdr)                You might also make \topmargin smaller:
(fancyhdr)                \addtolength{\topmargin}{-2.49998pt}.

[43 <./image/scan_task.png (PNG copy)>]
<image/SM_1.png, id=720, 947.03813pt x 295.85532pt>
File: image/SM_1.png Graphic file (type png)
<use image/SM_1.png>
Package pdftex.def Info: image/SM_1.png  used on input line 250.
(pdftex.def)             Requested size: 330.05322pt x 103.10849pt.
<image/SM_2.png, id=721, 930.47626pt x 439.6425pt>
File: image/SM_2.png Graphic file (type png)
<use image/SM_2.png>
Package pdftex.def Info: image/SM_2.png  used on input line 256.
(pdftex.def)             Requested size: 330.05322pt x 155.94336pt.



Package fancyhdr Warning: \headheight is too small (12.0pt): 
(fancyhdr)                Make it at least 14.49998pt, for example:
(fancyhdr)                \setlength{\headheight}{14.49998pt}.
(fancyhdr)                You might also make \topmargin smaller:
(fancyhdr)                \addtolength{\topmargin}{-2.49998pt}.

[44]


Package fancyhdr Warning: \headheight is too small (12.0pt): 
(fancyhdr)                Make it at least 14.49998pt, for example:
(fancyhdr)                \setlength{\headheight}{14.49998pt}.
(fancyhdr)                You might also make \topmargin smaller:
(fancyhdr)                \addtolength{\topmargin}{-2.49998pt}.

[45 <./image/SM_1.png (PNG copy)> <./image/SM_2.png (PNG copy)>]
<image/lcd_page_3.png, id=731, 535.2497pt x 541.27219pt>
File: image/lcd_page_3.png Graphic file (type png)
<use image/lcd_page_3.png>
Package pdftex.def Info: image/lcd_page_3.png  used on input line 284.
(pdftex.def)             Requested size: 330.05322pt x 333.78479pt.



Package fancyhdr Warning: \headheight is too small (12.0pt): 
(fancyhdr)                Make it at least 14.49998pt, for example:
(fancyhdr)                \setlength{\headheight}{14.49998pt}.
(fancyhdr)                You might also make \topmargin smaller:
(fancyhdr)                \addtolength{\topmargin}{-2.49998pt}.

[46 <./image/lcd_page_3.png (PNG copy)>]
<image/flowchart_tong_quat_2.png, id=736, 459.96844pt x 305.64188pt>
File: image/flowchart_tong_quat_2.png Graphic file (type png)
<use image/flowchart_tong_quat_2.png>
Package pdftex.def Info: image/flowchart_tong_quat_2.png  used on input line 300.
(pdftex.def)             Requested size: 165.02347pt x 109.65788pt.
<image/ui_flow.png, id=737, 956.07187pt x 583.42969pt>
File: image/ui_flow.png Graphic file (type png)
<use image/ui_flow.png>
Package pdftex.def Info: image/ui_flow.png  used on input line 316.
(pdftex.def)             Requested size: 453.82397pt x 276.93613pt.

Overfull \hbox (41.259pt too wide) in paragraph at lines 316--317
 [][] 
 []




Package fancyhdr Warning: \headheight is too small (12.0pt): 
(fancyhdr)                Make it at least 14.49998pt, for example:
(fancyhdr)                \setlength{\headheight}{14.49998pt}.
(fancyhdr)                You might also make \topmargin smaller:
(fancyhdr)                \addtolength{\topmargin}{-2.49998pt}.

[47 <./image/flowchart_tong_quat_2.png (PNG copy)>]
<image/init_ui.png, id=742, 463.7325pt x 512.66531pt>
File: image/init_ui.png Graphic file (type png)
<use image/init_ui.png>
Package pdftex.def Info: image/init_ui.png  used on input line 323.
(pdftex.def)             Requested size: 206.28249pt x 228.05319pt.



Package fancyhdr Warning: \headheight is too small (12.0pt): 
(fancyhdr)                Make it at least 14.49998pt, for example:
(fancyhdr)                \setlength{\headheight}{14.49998pt}.
(fancyhdr)                You might also make \topmargin smaller:
(fancyhdr)                \addtolength{\topmargin}{-2.49998pt}.

[48 <./image/ui_flow.png (PNG copy)> <./image/init_ui.png (PNG copy)>]
<image/setup_ui.png, id=747, 1026.08344pt x 601.4972pt>
File: image/setup_ui.png Graphic file (type png)
<use image/setup_ui.png>
Package pdftex.def Info: image/setup_ui.png  used on input line 343.
(pdftex.def)             Requested size: 453.82397pt x 266.0363pt.

Overfull \hbox (41.259pt too wide) in paragraph at lines 343--344
 [][] 
 []




Package fancyhdr Warning: \headheight is too small (12.0pt): 
(fancyhdr)                Make it at least 14.49998pt, for example:
(fancyhdr)                \setlength{\headheight}{14.49998pt}.
(fancyhdr)                You might also make \topmargin smaller:
(fancyhdr)                \addtolength{\topmargin}{-2.49998pt}.

[49 <./image/setup_ui.png (PNG copy)>]


Package fancyhdr Warning: \headheight is too small (12.0pt): 
(fancyhdr)                Make it at least 14.49998pt, for example:
(fancyhdr)                \setlength{\headheight}{14.49998pt}.
(fancyhdr)                You might also make \topmargin smaller:
(fancyhdr)                \addtolength{\topmargin}{-2.49998pt}.

[50]
<image/ble_ui.png, id=756, 715.17188pt x 599.23875pt>
File: image/ble_ui.png Graphic file (type png)
<use image/ble_ui.png>
Package pdftex.def Info: image/ble_ui.png  used on input line 398.
(pdftex.def)             Requested size: 330.05322pt x 276.54924pt.



Package fancyhdr Warning: \headheight is too small (12.0pt): 
(fancyhdr)                Make it at least 14.49998pt, for example:
(fancyhdr)                \setlength{\headheight}{14.49998pt}.
(fancyhdr)                You might also make \topmargin smaller:
(fancyhdr)                \addtolength{\topmargin}{-2.49998pt}.

[51 <./image/ble_ui.png>]
<image/his_tab.png, id=763, 328.22626pt x 268.75406pt>
File: image/his_tab.png Graphic file (type png)
<use image/his_tab.png>
Package pdftex.def Info: image/his_tab.png  used on input line 422.
(pdftex.def)             Requested size: 165.02347pt x 135.12305pt.
<image/web_flow.png, id=764, 931.22906pt x 206.27063pt>
File: image/web_flow.png Graphic file (type png)
<use image/web_flow.png>
Package pdftex.def Info: image/web_flow.png  used on input line 436.
(pdftex.def)             Requested size: 453.82397pt x 100.52267pt.

Overfull \hbox (41.259pt too wide) in paragraph at lines 436--437
 [][] 
 []




Package fancyhdr Warning: \headheight is too small (12.0pt): 
(fancyhdr)                Make it at least 14.49998pt, for example:
(fancyhdr)                \setlength{\headheight}{14.49998pt}.
(fancyhdr)                You might also make \topmargin smaller:
(fancyhdr)                \addtolength{\topmargin}{-2.49998pt}.

[52 <./image/his_tab.png (PNG copy)> <./image/web_flow.png (PNG copy)>]
<image/mqtt_web.png, id=769, 774.64406pt x 504.38437pt>
File: image/mqtt_web.png Graphic file (type png)
<use image/mqtt_web.png>
Package pdftex.def Info: image/mqtt_web.png  used on input line 449.
(pdftex.def)             Requested size: 453.82397pt x 295.4985pt.

Overfull \hbox (41.259pt too wide) in paragraph at lines 449--450
 [][] 
 []




Package fancyhdr Warning: \headheight is too small (12.0pt): 
(fancyhdr)                Make it at least 14.49998pt, for example:
(fancyhdr)                \setlength{\headheight}{14.49998pt}.
(fancyhdr)                You might also make \topmargin smaller:
(fancyhdr)                \addtolength{\topmargin}{-2.49998pt}.

[53 <./image/mqtt_web.png (PNG copy)>])


Package fancyhdr Warning: \headheight is too small (12.0pt): 
(fancyhdr)                Make it at least 14.49998pt, for example:
(fancyhdr)                \setlength{\headheight}{14.49998pt}.
(fancyhdr)                You might also make \topmargin smaller:
(fancyhdr)                \addtolength{\topmargin}{-2.49998pt}.

[54] (chuong5.tex
Ch\uhorn \ohorn ng 5.
<image/top_2d.png, id=778, 634.62094pt x 616.55344pt>
File: image/top_2d.png Graphic file (type png)
<use image/top_2d.png>
Package pdftex.def Info: image/top_2d.png  used on input line 11.
(pdftex.def)             Requested size: 198.02942pt x 192.39023pt.
<image/bottom_2d.png, id=779, 645.16031pt x 618.81187pt>
File: image/bottom_2d.png Graphic file (type png)
<use image/bottom_2d.png>
Package pdftex.def Info: image/bottom_2d.png  used on input line 16.
(pdftex.def)             Requested size: 198.02942pt x 189.94124pt.
<image/top_layer_2d.png, id=780, 674.52pt x 624.83438pt>
File: image/top_layer_2d.png Graphic file (type png)
<use image/top_layer_2d.png>
Package pdftex.def Info: image/top_layer_2d.png  used on input line 24.
(pdftex.def)             Requested size: 247.54149pt x 229.30687pt.
<image/top_hide_3d.png, id=781, 593.96906pt x 546.54187pt>
File: image/top_hide_3d.png Graphic file (type png)
<use image/top_hide_3d.png>
Package pdftex.def Info: image/top_hide_3d.png  used on input line 33.
(pdftex.def)             Requested size: 198.02942pt x 182.21909pt.
<image/bottom_hide_3d.png, id=782, 557.08125pt x 526.21594pt>
File: image/bottom_hide_3d.png Graphic file (type png)
<use image/bottom_hide_3d.png>
Package pdftex.def Info: image/bottom_hide_3d.png  used on input line 38.
(pdftex.def)             Requested size: 198.02942pt x 187.05286pt.



Package fancyhdr Warning: \headheight is too small (12.0pt): 
(fancyhdr)                Make it at least 14.49998pt, for example:
(fancyhdr)                \setlength{\headheight}{14.49998pt}.
(fancyhdr)                You might also make \topmargin smaller:
(fancyhdr)                \addtolength{\topmargin}{-2.49998pt}.

[55

 <./image/top_2d.png (PNG copy)> <./image/bottom_2d.png (PNG copy)> <./image/top_layer_2d.png (PNG copy)>]
<image/top_3d.png, id=787, 598.48593pt x 596.2275pt>
File: image/top_3d.png Graphic file (type png)
<use image/top_3d.png>
Package pdftex.def Info: image/top_3d.png  used on input line 48.
(pdftex.def)             Requested size: 198.02942pt x 197.27425pt.
<image/bottom_3d.png, id=788, 603.0028pt x 539.01375pt>
File: image/bottom_3d.png Graphic file (type png)
<use image/bottom_3d.png>
Package pdftex.def Info: image/bottom_3d.png  used on input line 53.
(pdftex.def)             Requested size: 198.02942pt x 177.01149pt.
<image/detail_board.png, id=789, 652.68843pt x 607.51968pt>
File: image/detail_board.png Graphic file (type png)
<use image/detail_board.png>
Package pdftex.def Info: image/detail_board.png  used on input line 63.
(pdftex.def)             Requested size: 198.02942pt x 184.32451pt.
<image/detail_board_bot.png, id=790, 548.80031pt x 544.28343pt>
File: image/detail_board_bot.png Graphic file (type png)
<use image/detail_board_bot.png>
Package pdftex.def Info: image/detail_board_bot.png  used on input line 68.
(pdftex.def)             Requested size: 198.02942pt x 196.39867pt.
<image/no_1.png, id=791, 477.28313pt x 472.76625pt>
File: image/no_1.png Graphic file (type png)
<use image/no_1.png>
Package pdftex.def Info: image/no_1.png  used on input line 79.
(pdftex.def)             Requested size: 198.02942pt x 196.15105pt.
<image/no_2.png, id=792, 472.01344pt x 465.99094pt>
File: image/no_2.png Graphic file (type png)
<use image/no_2.png>
Package pdftex.def Info: image/no_2.png  used on input line 84.
(pdftex.def)             Requested size: 198.02942pt x 195.50154pt.



Package fancyhdr Warning: \headheight is too small (12.0pt): 
(fancyhdr)                Make it at least 14.49998pt, for example:
(fancyhdr)                \setlength{\headheight}{14.49998pt}.
(fancyhdr)                You might also make \topmargin smaller:
(fancyhdr)                \addtolength{\topmargin}{-2.49998pt}.

[56 <./image/top_hide_3d.png (PNG copy)> <./image/bottom_hide_3d.png (PNG copy)> <./image/top_3d.png (PNG copy)> <./image/bottom_3d.png (PNG copy)> <./image/detail_board.png (PNG copy)> <./image/detail_board_bot.png (PNG copy)>]
<image/bot_board.png, id=797, 420.82219pt x 421.575pt>
File: image/bot_board.png Graphic file (type png)
<use image/bot_board.png>
Package pdftex.def Info: image/bot_board.png  used on input line 94.
(pdftex.def)             Requested size: 198.02942pt x 198.3847pt.
<image/top_board.png, id=798, 473.51906pt x 414.79968pt>
File: image/top_board.png Graphic file (type png)
<use image/top_board.png>
Package pdftex.def Info: image/top_board.png  used on input line 99.
(pdftex.def)             Requested size: 198.02942pt x 173.46782pt.
<image/tab_setup.png, id=799, 977.90344pt x 660.96938pt>
File: image/tab_setup.png Graphic file (type png)
<use image/tab_setup.png>
Package pdftex.def Info: image/tab_setup.png  used on input line 110.
(pdftex.def)             Requested size: 453.82397pt x 306.74245pt.

Overfull \hbox (41.259pt too wide) in paragraph at lines 110--111
 [][] 
 []

<image/add_new.png, id=800, 212.29312pt x 130.23656pt>
File: image/add_new.png Graphic file (type png)
<use image/add_new.png>
Package pdftex.def Info: image/add_new.png  used on input line 116.
(pdftex.def)             Requested size: 165.02347pt x 101.2423pt.



Package fancyhdr Warning: \headheight is too small (12.0pt): 
(fancyhdr)                Make it at least 14.49998pt, for example:
(fancyhdr)                \setlength{\headheight}{14.49998pt}.
(fancyhdr)                You might also make \topmargin smaller:
(fancyhdr)                \addtolength{\topmargin}{-2.49998pt}.

[57 <./image/no_1.png (PNG copy)> <./image/no_2.png (PNG copy)> <./image/bot_board.png (PNG copy)> <./image/top_board.png (PNG copy)>]
<image/id_exist.png, id=806, 147.55125pt x 104.64093pt>
File: image/id_exist.png Graphic file (type png)
<use image/id_exist.png>
Package pdftex.def Info: image/id_exist.png  used on input line 124.
(pdftex.def)             Requested size: 165.02347pt x 117.03415pt.
<image/anno_no_device.png, id=807, 205.5178pt x 106.14656pt>
File: image/anno_no_device.png Graphic file (type png)
<use image/anno_no_device.png>
Package pdftex.def Info: image/anno_no_device.png  used on input line 129.
(pdftex.def)             Requested size: 165.02347pt x 85.23157pt.
<image/update_confirm.png, id=808, 268.00125pt x 113.67468pt>
File: image/update_confirm.png Graphic file (type png)
<use image/update_confirm.png>
Package pdftex.def Info: image/update_confirm.png  used on input line 137.
(pdftex.def)             Requested size: 165.02347pt x 69.99536pt.



Package fancyhdr Warning: \headheight is too small (12.0pt): 
(fancyhdr)                Make it at least 14.49998pt, for example:
(fancyhdr)                \setlength{\headheight}{14.49998pt}.
(fancyhdr)                You might also make \topmargin smaller:
(fancyhdr)                \addtolength{\topmargin}{-2.49998pt}.

[58 <./image/tab_setup.png (PNG copy)> <./image/add_new.png (PNG copy)> <./image/id_exist.png (PNG copy)> <./image/anno_no_device.png (PNG copy)>]
<image/tab_his.png, id=813, 1441.63594pt x 283.0575pt>
File: image/tab_his.png Graphic file (type png)
<use image/tab_his.png>
Package pdftex.def Info: image/tab_his.png  used on input line 144.
(pdftex.def)             Requested size: 453.82397pt x 89.1031pt.

Overfull \hbox (41.259pt too wide) in paragraph at lines 144--145
 [][] 
 []

<image/excel_1.png, id=814, 580.41844pt x 74.52844pt>
File: image/excel_1.png Graphic file (type png)
<use image/excel_1.png>
Package pdftex.def Info: image/excel_1.png  used on input line 154.
(pdftex.def)             Requested size: 371.30595pt x 47.67755pt.
<image/excel.png, id=815, 706.13812pt x 444.91219pt>
File: image/excel.png Graphic file (type png)
<use image/excel.png>
Package pdftex.def Info: image/excel.png  used on input line 159.
(pdftex.def)             Requested size: 371.30595pt x 233.94897pt.
<image/site_list.png, id=816, 591.71063pt x 232.61906pt>
File: image/site_list.png Graphic file (type png)
<use image/site_list.png>
Package pdftex.def Info: image/site_list.png  used on input line 174.
(pdftex.def)             Requested size: 371.30595pt x 145.97575pt.



Package fancyhdr Warning: \headheight is too small (12.0pt): 
(fancyhdr)                Make it at least 14.49998pt, for example:
(fancyhdr)                \setlength{\headheight}{14.49998pt}.
(fancyhdr)                You might also make \topmargin smaller:
(fancyhdr)                \addtolength{\topmargin}{-2.49998pt}.

[59 <./image/update_confirm.png (PNG copy)> <./image/tab_his.png (PNG copy)> <./image/excel_1.png (PNG copy)> <./image/excel.png (PNG copy)>]
<image/device_list.png, id=821, 1399.47844pt x 589.4522pt>
File: image/device_list.png Graphic file (type png)
<use image/device_list.png>
Package pdftex.def Info: image/device_list.png  used on input line 181.
(pdftex.def)             Requested size: 371.30595pt x 156.38397pt.
<image/detail_reg.png, id=822, 1404.74812pt x 583.42969pt>
File: image/detail_reg.png Graphic file (type png)
<use image/detail_reg.png>
Package pdftex.def Info: image/detail_reg.png  used on input line 189.
(pdftex.def)             Requested size: 371.30595pt x 154.20752pt.



Package fancyhdr Warning: \headheight is too small (12.0pt): 
(fancyhdr)                Make it at least 14.49998pt, for example:
(fancyhdr)                \setlength{\headheight}{14.49998pt}.
(fancyhdr)                You might also make \topmargin smaller:
(fancyhdr)                \addtolength{\topmargin}{-2.49998pt}.

[60 <./image/site_list.png (PNG copy)> <./image/device_list.png (PNG copy)> <./image/detail_reg.png (PNG copy)>]
<image/alarm_table.png, id=827, 1166.10657pt x 271.76532pt>
File: image/alarm_table.png Graphic file (type png)
<use image/alarm_table.png>
Package pdftex.def Info: image/alarm_table.png  used on input line 198.
(pdftex.def)             Requested size: 412.56497pt x 96.14769pt.
<image/detail_alarm.png, id=828, 555.57562pt x 295.1025pt>
File: image/detail_alarm.png Graphic file (type png)
<use image/detail_alarm.png>
Package pdftex.def Info: image/detail_alarm.png  used on input line 209.
(pdftex.def)             Requested size: 371.30595pt x 197.22682pt.
)


Package fancyhdr Warning: \headheight is too small (12.0pt): 
(fancyhdr)                Make it at least 14.49998pt, for example:
(fancyhdr)                \setlength{\headheight}{14.49998pt}.
(fancyhdr)                You might also make \topmargin smaller:
(fancyhdr)                \addtolength{\topmargin}{-2.49998pt}.

[61 <./image/alarm_table.png (PNG copy)> <./image/detail_alarm.png (PNG copy)>] (chuong6.tex
Ch\uhorn \ohorn ng 6.
)


Package fancyhdr Warning: \headheight is too small (12.0pt): 
(fancyhdr)                Make it at least 14.49998pt, for example:
(fancyhdr)                \setlength{\headheight}{14.49998pt}.
(fancyhdr)                You might also make \topmargin smaller:
(fancyhdr)                \addtolength{\topmargin}{-2.49998pt}.

[62

]


Package fancyhdr Warning: \headheight is too small (12.0pt): 
(fancyhdr)                Make it at least 14.49998pt, for example:
(fancyhdr)                \setlength{\headheight}{14.49998pt}.
(fancyhdr)                You might also make \topmargin smaller:
(fancyhdr)                \addtolength{\topmargin}{-2.49998pt}.

[63] (tailieuthamkhao.tex) (main.aux)
 ***********
LaTeX2e <2025-06-01> patch level 1
L3 programming layer <2025-09-02>
 ***********


LaTeX Warning: There were multiply-defined labels.

Package rerunfilecheck Info: File `main.out' has not changed.
(rerunfilecheck)             Checksum: DE03AF0B7A94776209B5CE5DEC9D13B9;13820.
 ) 
Here is how much of TeX's memory you used:
 30579 strings out of 468130
 586536 string characters out of 5432044
 978382 words of memory out of 5000000
 58420 multiletter control sequences out of 15000+600000
 710877 words of font info for 148 fonts, out of 8000000 for 9000
 1141 hyphenation exceptions out of 8191
 84i,16n,116p,505b,573s stack positions out of 10000i,1000n,20000p,200000b,200000s
<D:/Application In Computer/Miktex/install/fonts/type1/urw/symbol/usyr.pfb><D:/Application In Computer/Miktex/install/fonts/type1/vntex/urwvn/utmb8v.pfb><D:/Application In Computer/Miktex/install/fonts/type1/vntex/urwvn/utmbi8v.pfb><D:/Application In Computer/Miktex/install/fonts/type1/urw/times/utmr8a.pfb><D:/Application In Computer/Miktex/install/fonts/type1/vntex/urwvn/utmr8v.pfb><D:/Application In Computer/Miktex/install/fonts/type1/urw/times/utmri8a.pfb><D:/Application In Computer/Miktex/install/fonts/type1/vntex/urwvn/utmri8v.pfb><D:/Application In Computer/Miktex/install/fonts/type1/vntex/vnr/vntt12.pfb>
Output written on main.pdf (73 pages, 8327524 bytes).
PDF statistics:
 926 PDF objects out of 1000 (max. 8388607)
 212 named destinations out of 1000 (max. 500000)
 898 words of extra memory for PDF output out of 10000 (max. 10000000)

